Country/Region,flag,1/22/20,1/23/20,1/24/20,1/25/20,1/26/20,1/27/20,1/28/20,1/29/20,1/30/20,1/31/20,2/1/20,2/2/20,2/3/20,2/4/20,2/5/20,2/6/20,2/7/20,2/8/20,2/9/20,2/10/20,2/11/20,2/12/20,2/13/20,2/14/20,2/15/20,2/16/20,2/17/20,2/18/20,2/19/20,2/20/20,2/21/20,2/22/20,2/23/20,2/24/20,2/25/20,2/26/20,2/27/20,2/28/20,2/29/20,3/1/20,3/2/20,3/3/20,3/4/20,3/5/20,3/6/20,3/7/20,3/8/20,3/9/20,3/10/20,3/11/20,3/12/20,3/13/20,3/14/20,3/15/20,3/16/20,3/17/20,3/18/20,3/19/20,3/20/20,3/21/20,3/22/20,3/23/20,3/24/20,3/25/20,3/26/20,3/27/20,3/28/20,3/29/20
Afghanistan,https://www.countryflags.io/AF/shiny/64.png,0,0,0,0,0,0,0,0,0,0,0,0,0,0,0,0,0,0,0,0,0,0,0,0,0,0,0,0,0,0,0,0,0,1,1,1,1,1,1,1,1,1,1,1,1,1,4,4,5,7,7,7,11,16,20,21,21,21,23,23,38,38,72,80,88,104,104,114
Albania,https://www.countryflags.io/AL/shiny/64.png,0,0,0,0,0,0,0,0,0,0,0,0,0,0,0,0,0,0,0,0,0,0,0,0,0,0,0,0,0,0,0,0,0,0,0,0,0,0,0,0,0,0,0,0,0,0,0,2,10,11,22,32,37,41,50,54,57,62,68,72,85,98,108,124,151,147,156,169
Algeria,https://www.countryflags.io/DZ/shiny/64.png,0,0,0,0,0,0,0,0,0,0,0,0,0,0,0,0,0,0,0,0,0,0,0,0,0,0,0,0,0,0,0,0,0,0,1,1,1,1,1,1,3,5,12,12,17,17,19,20,20,20,15,16,22,32,38,44,55,46,47,92,119,148,221,216,313,354,394,449
Andorra,https://www.countryflags.io/AD/shiny/64.png,0,0,0,0,0,0,0,0,0,0,0,0,0,0,0,0,0,0,0,0,0,0,0,0,0,0,0,0,0,0,0,0,0,0,0,0,0,0,0,0,1,1,1,1,1,1,1,1,1,1,0,1,0,0,1,38,38,52,74,87,111,131,162,186,220,263,304,327
Angola,https://www.countryflags.io/AO/shiny/64.png,0,0,0,0,0,0,0,0,0,0,0,0,0,0,0,0,0,0,0,0,0,0,0,0,0,0,0,0,0,0,0,0,0,0,0,0,0,0,0,0,0,0,0,0,0,0,0,0,0,0,0,0,0,0,0,0,0,0,1,2,2,3,3,3,4,4,5,5
Antigua and Barbuda,https://www.countryflags.io/AG/shiny/64.png,0,0,0,0,0,0,0,0,0,0,0,0,0,0,0,0,0,0,0,0,0,0,0,0,0,0,0,0,0,0,0,0,0,0,0,0,0,0,0,0,0,0,0,0,0,0,0,0,0,0,0,1,1,1,1,1,1,1,1,1,1,3,3,3,7,7,7,7
Argentina,https://www.countryflags.io/AR/shiny/64.png,0,0,0,0,0,0,0,0,0,0,0,0,0,0,0,0,0,0,0,0,0,0,0,0,0,0,0,0,0,0,0,0,0,0,0,0,0,0,0,0,0,1,1,1,2,8,11,11,16,18,18,29,31,42,53,63,74,91,122,151,259,294,329,327,430,504,600,654
Armenia,https://www.countryflags.io/AM/shiny/64.png,0,0,0,0,0,0,0,0,0,0,0,0,0,0,0,0,0,0,0,0,0,0,0,0,0,0,0,0,0,0,0,0,0,0,0,0,0,0,0,1,1,1,1,1,1,1,1,1,1,1,4,8,18,26,52,77,83,114,135,159,192,233,235,249,271,300,376,391
Australia,https://www.countryflags.io/AU/shiny/64.png,0,0,0,0,4,5,5,6,7,7,10,10,10,11,11,12,13,13,13,13,13,13,7,7,7,7,5,5,5,5,4,4,4,4,4,4,4,4,14,15,18,27,39,32,37,40,52,67,83,104,104,174,224,271,351,424,539,649,758,1038,1454,1587,1921,2237,2625,2936,3382,3724
Austria,https://www.countryflags.io/AT/shiny/64.png,0,0,0,0,0,0,0,0,0,0,0,0,0,0,0,0,0,0,0,0,0,0,0,0,0,0,0,0,0,0,0,0,0,0,2,2,3,3,9,14,18,21,29,41,55,79,104,129,178,242,297,497,648,853,1009,1328,1633,1998,2373,2797,3557,4444,5246,5549,6748,7374,7978,8223
Azerbaijan,https://www.countryflags.io/AZ/shiny/64.png,0,0,0,0,0,0,0,0,0,0,0,0,0,0,0,0,0,0,0,0,0,0,0,0,0,0,0,0,0,0,0,0,0,0,0,0,0,0,0,3,3,3,3,6,6,9,9,9,11,8,8,11,11,16,21,21,21,37,37,41,54,61,76,81,104,147,163,190
Bahamas,https://www.countryflags.io/BS/shiny/64.png,0,0,0,0,0,0,0,0,0,0,0,0,0,0,0,0,0,0,0,0,0,0,0,0,0,0,0,0,0,0,0,0,0,0,0,0,0,0,0,0,0,0,0,0,0,0,0,0,0,0,0,0,0,0,1,1,1,3,3,4,4,4,4,4,8,9,9,10
Bahrain,https://www.countryflags.io/BH/shiny/64.png,0,0,0,0,0,0,0,0,0,0,0,0,0,0,0,0,0,0,0,0,0,0,0,0,0,0,0,0,0,0,0,0,0,1,23,33,33,36,41,47,49,49,52,55,56,81,81,81,88,160,160,151,166,154,136,146,167,177,184,179,183,226,212,238,250,235,207,223
Bangladesh,https://www.countryflags.io/BD/shiny/64.png,0,0,0,0,0,0,0,0,0,0,0,0,0,0,0,0,0,0,0,0,0,0,0,0,0,0,0,0,0,0,0,0,0,0,0,0,0,0,0,0,0,0,0,0,0,0,3,3,3,3,3,3,3,5,6,7,10,13,16,20,22,27,30,27,28,32,28,28
Barbados,https://www.countryflags.io/BB/shiny/64.png,0,0,0,0,0,0,0,0,0,0,0,0,0,0,0,0,0,0,0,0,0,0,0,0,0,0,0,0,0,0,0,0,0,0,0,0,0,0,0,0,0,0,0,0,0,0,0,0,0,0,0,0,0,0,0,2,2,5,5,6,14,17,18,18,18,24,26,33
Belarus,https://www.countryflags.io/BY/shiny/64.png,0,0,0,0,0,0,0,0,0,0,0,0,0,0,0,0,0,0,0,0,0,0,0,0,0,0,0,0,0,0,0,0,0,0,0,0,0,1,1,1,1,1,6,6,6,6,6,5,6,6,9,24,24,24,33,33,46,46,64,61,61,66,59,57,57,62,62,62
Belgium,https://www.countryflags.io/BE/shiny/64.png,0,0,0,0,0,0,0,0,0,0,0,0,0,1,1,1,1,1,1,1,1,1,1,1,1,1,0,0,0,0,0,0,0,0,0,0,0,0,0,1,7,12,22,49,108,168,199,238,266,310,310,555,684,881,1052,1232,1441,1743,2219,2485,3063,3392,3686,4212,5340,6137,7718,9046
Belize,https://www.countryflags.io/BZ/shiny/64.png,0,0,0,0,0,0,0,0,0,0,0,0,0,0,0,0,0,0,0,0,0,0,0,0,0,0,0,0,0,0,0,0,0,0,0,0,0,0,0,0,0,0,0,0,0,0,0,0,0,0,0,0,0,0,0,0,0,0,0,0,0,1,1,2,2,2,2,2
Benin,https://www.countryflags.io/BJ/shiny/64.png,0,0,0,0,0,0,0,0,0,0,0,0,0,0,0,0,0,0,0,0,0,0,0,0,0,0,0,0,0,0,0,0,0,0,0,0,0,0,0,0,0,0,0,0,0,0,0,0,0,0,0,0,0,0,1,1,2,2,2,2,2,5,6,6,6,6,6,6
Bhutan,https://www.countryflags.io/BT/shiny/64.png,0,0,0,0,0,0,0,0,0,0,0,0,0,0,0,0,0,0,0,0,0,0,0,0,0,0,0,0,0,0,0,0,0,0,0,0,0,0,0,0,0,0,0,0,1,1,1,1,1,1,1,1,1,1,1,1,1,1,2,2,2,2,2,2,2,3,3,4
Bolivia,https://www.countryflags.io/BO/shiny/64.png,0,0,0,0,0,0,0,0,0,0,0,0,0,0,0,0,0,0,0,0,0,0,0,0,0,0,0,0,0,0,0,0,0,0,0,0,0,0,0,0,0,0,0,0,0,0,0,0,0,2,2,3,10,10,11,11,12,12,15,19,24,27,29,32,43,61,74,80
Bosnia and Herzegovina,https://www.countryflags.io/BA/shiny/64.png,0,0,0,0,0,0,0,0,0,0,0,0,0,0,0,0,0,0,0,0,0,0,0,0,0,0,0,0,0,0,0,0,0,0,0,0,0,0,0,0,0,0,0,2,2,3,3,3,5,7,11,13,18,24,25,24,36,61,87,90,123,133,161,171,186,228,248,309
Brazil,https://www.countryflags.io/BR/shiny/64.png,0,0,0,0,0,0,0,0,0,0,0,0,0,0,0,0,0,0,0,0,0,0,0,0,0,0,0,0,0,0,0,0,0,0,0,1,1,1,2,2,2,2,4,4,13,13,20,25,31,38,52,151,151,162,199,318,367,613,780,1004,1519,1888,2199,2493,2902,3319,3787,4114
Brunei,https://www.countryflags.io/BN/shiny/64.png,0,0,0,0,0,0,0,0,0,0,0,0,0,0,0,0,0,0,0,0,0,0,0,0,0,0,0,0,0,0,0,0,0,0,0,0,0,0,0,0,0,0,0,0,0,0,0,1,1,11,11,37,40,50,54,56,68,75,77,81,86,89,102,107,109,104,94,91
Bulgaria,https://www.countryflags.io/BG/shiny/64.png,0,0,0,0,0,0,0,0,0,0,0,0,0,0,0,0,0,0,0,0,0,0,0,0,0,0,0,0,0,0,0,0,0,0,0,0,0,0,0,0,0,0,0,0,0,0,4,4,4,6,6,22,39,49,50,65,90,91,124,157,181,195,212,235,253,281,313,324
Burkina Faso,https://www.countryflags.io/BF/shiny/64.png,0,0,0,0,0,0,0,0,0,0,0,0,0,0,0,0,0,0,0,0,0,0,0,0,0,0,0,0,0,0,0,0,0,0,0,0,0,0,0,0,0,0,0,0,0,0,0,0,1,2,2,2,2,3,15,15,19,32,39,57,66,90,103,132,135,159,175,187
Burma,None,0,0,0,0,0,0,0,0,0,0,0,0,0,0,0,0,0,0,0,0,0,0,0,0,0,0,0,0,0,0,0,0,0,0,0,0,0,0,0,0,0,0,0,0,0,0,0,0,0,0,0,0,0,0,0,0,0,0,0,0,0,0,0,0,0,8,8,10
Cabo Verde,None,0,0,0,0,0,0,0,0,0,0,0,0,0,0,0,0,0,0,0,0,0,0,0,0,0,0,0,0,0,0,0,0,0,0,0,0,0,0,0,0,0,0,0,0,0,0,0,0,0,0,0,0,0,0,0,0,0,0,1,3,3,3,2,3,3,4,4,5
Cambodia,https://www.countryflags.io/KH/shiny/64.png,0,0,0,0,0,1,1,1,1,1,1,1,1,1,1,1,1,1,1,1,1,0,0,0,0,0,0,0,0,0,0,0,0,0,0,0,0,0,0,0,0,0,0,0,0,0,1,1,1,2,2,4,6,6,6,32,34,36,50,52,83,86,87,86,86,88,86,82
Cameroon,https://www.countryflags.io/CM/shiny/64.png,0,0,0,0,0,0,0,0,0,0,0,0,0,0,0,0,0,0,0,0,0,0,0,0,0,0,0,0,0,0,0,0,0,0,0,0,0,0,0,0,0,0,0,0,1,1,2,2,2,2,2,2,2,2,4,10,10,13,20,27,40,56,66,72,72,87,87,128
Canada,https://www.countryflags.io/CA/shiny/64.png,0,0,0,0,1,1,2,2,2,4,4,4,4,4,5,5,7,7,7,7,7,6,6,6,6,6,7,7,7,7,6,6,6,7,8,8,7,8,14,18,21,24,27,31,43,46,56,68,70,99,108,184,189,243,402,464,640,782,922,1248,1438,2053,2654,3038,3820,4372,5049,5750
Central African Republic,https://www.countryflags.io/CF/shiny/64.png,0,0,0,0,0,0,0,0,0,0,0,0,0,0,0,0,0,0,0,0,0,0,0,0,0,0,0,0,0,0,0,0,0,0,0,0,0,0,0,0,0,0,0,0,0,0,0,0,0,0,0,0,0,1,1,1,1,1,3,3,3,3,3,3,3,3,3,3
Chad,https://www.countryflags.io/TD/shiny/64.png,0,0,0,0,0,0,0,0,0,0,0,0,0,0,0,0,0,0,0,0,0,0,0,0,0,0,0,0,0,0,0,0,0,0,0,0,0,0,0,0,0,0,0,0,0,0,0,0,0,0,0,0,0,0,0,0,0,1,1,1,1,1,3,3,3,3,3,3
Chile,https://www.countryflags.io/CL/shiny/64.png,0,0,0,0,0,0,0,0,0,0,0,0,0,0,0,0,0,0,0,0,0,0,0,0,0,0,0,0,0,0,0,0,0,0,0,0,0,0,0,0,0,1,1,4,4,4,8,8,13,23,23,43,61,74,155,201,238,238,428,531,623,736,903,1117,1280,1562,1842,2057
China,https://www.countryflags.io/CN/shiny/64.png,503,595,858,1325,1970,2737,5277,5834,7835,9375,11357,15806,18677,22373,25762,28477,31393,33413,35705,37424,38638,38560,52309,56860,57452,57992,58108,58002,56541,54825,54608,51859,51390,49631,47413,45365,42924,39809,37199,34898,32368,29864,27402,25230,23702,22159,20335,18933,17567,16116,14859,13569,12124,10783,9906,9030,8106,7372,6731,6189,5799,5410,5030,4603,4310,3881,3600,3236
Colombia,https://www.countryflags.io/CO/shiny/64.png,0,0,0,0,0,0,0,0,0,0,0,0,0,0,0,0,0,0,0,0,0,0,0,0,0,0,0,0,0,0,0,0,0,0,0,0,0,0,0,0,0,0,0,0,1,1,1,1,3,9,9,13,22,34,54,64,92,101,127,195,226,271,369,458,477,523,592,682
Congo (Brazzaville),None,0,0,0,0,0,0,0,0,0,0,0,0,0,0,0,0,0,0,0,0,0,0,0,0,0,0,0,0,0,0,0,0,0,0,0,0,0,0,0,0,0,0,0,0,0,0,0,0,0,0,0,0,0,1,1,1,1,3,3,3,3,4,4,4,4,4,4,19
Congo (Kinshasa),None,0,0,0,0,0,0,0,0,0,0,0,0,0,0,0,0,0,0,0,0,0,0,0,0,0,0,0,0,0,0,0,0,0,0,0,0,0,0,0,0,0,0,0,0,0,0,0,0,0,1,1,2,2,2,2,3,4,14,18,22,29,35,43,46,48,46,57,57
Costa Rica,https://www.countryflags.io/CR/shiny/64.png,0,0,0,0,0,0,0,0,0,0,0,0,0,0,0,0,0,0,0,0,0,0,0,0,0,0,0,0,0,0,0,0,0,0,0,0,0,0,0,0,0,0,0,0,1,1,5,9,9,13,22,23,26,27,35,41,50,68,88,113,130,154,173,197,227,258,290,309
Cote d'Ivoire,None,0,0,0,0,0,0,0,0,0,0,0,0,0,0,0,0,0,0,0,0,0,0,0,0,0,0,0,0,0,0,0,0,0,0,0,0,0,0,0,0,0,0,0,0,0,0,0,0,0,1,1,1,1,1,1,4,5,8,8,13,13,24,71,77,93,98,98,160
Croatia,https://www.countryflags.io/HR/shiny/64.png,0,0,0,0,0,0,0,0,0,0,0,0,0,0,0,0,0,0,0,0,0,0,0,0,0,0,0,0,0,0,0,0,0,0,1,3,3,5,6,7,7,9,10,10,11,12,12,12,14,19,19,31,37,48,55,61,77,99,122,200,248,309,376,419,470,546,607,655
Cuba,https://www.countryflags.io/CU/shiny/64.png,0,0,0,0,0,0,0,0,0,0,0,0,0,0,0,0,0,0,0,0,0,0,0,0,0,0,0,0,0,0,0,0,0,0,0,0,0,0,0,0,0,0,0,0,0,0,0,0,0,0,3,4,4,4,4,5,6,10,15,20,34,39,46,55,64,74,112,132
Cyprus,https://www.countryflags.io/CY/shiny/64.png,0,0,0,0,0,0,0,0,0,0,0,0,0,0,0,0,0,0,0,0,0,0,0,0,0,0,0,0,0,0,0,0,0,0,0,0,0,0,0,0,0,0,0,0,0,0,0,2,3,6,6,14,26,26,33,46,49,67,67,84,91,112,118,126,139,142,159,194
Czechia,None,0,0,0,0,0,0,0,0,0,0,0,0,0,0,0,0,0,0,0,0,0,0,0,0,0,0,0,0,0,0,0,0,0,0,0,0,0,0,0,3,3,5,8,12,18,19,31,31,41,91,94,141,189,253,295,393,461,691,829,989,1113,1229,1381,1638,1906,2259,2609,2790
Denmark,https://www.countryflags.io/DK/shiny/64.png,0,0,0,0,0,0,0,0,0,0,0,0,0,0,0,0,0,0,0,0,0,0,0,0,0,0,0,0,0,0,0,0,0,0,0,0,1,1,3,4,4,6,11,11,23,23,36,91,263,443,616,803,834,872,929,1020,1111,1218,1327,1406,1500,1547,1650,1787,1932,2091,2244,2419
Diamond Princess,None,0,0,0,0,0,0,0,0,0,0,0,0,0,0,0,0,61,61,64,135,135,175,175,218,285,355,454,542,620,631,631,631,688,688,688,691,691,689,689,689,689,690,690,690,660,660,660,660,660,374,374,374,374,374,374,374,380,380,380,379,379,379,377,115,105,105,105,99
Djibouti,https://www.countryflags.io/DJ/shiny/64.png,0,0,0,0,0,0,0,0,0,0,0,0,0,0,0,0,0,0,0,0,0,0,0,0,0,0,0,0,0,0,0,0,0,0,0,0,0,0,0,0,0,0,0,0,0,0,0,0,0,0,0,0,0,0,0,0,1,1,1,1,1,3,3,11,11,12,14,18
Dominica,https://www.countryflags.io/DM/shiny/64.png,0,0,0,0,0,0,0,0,0,0,0,0,0,0,0,0,0,0,0,0,0,0,0,0,0,0,0,0,0,0,0,0,0,0,0,0,0,0,0,0,0,0,0,0,0,0,0,0,0,0,0,0,0,0,0,0,0,0,0,0,1,2,2,7,11,11,11,11
Dominican Republic,https://www.countryflags.io/DO/shiny/64.png,0,0,0,0,0,0,0,0,0,0,0,0,0,0,0,0,0,0,0,0,0,0,0,0,0,0,0,0,0,0,0,0,0,0,0,0,0,0,0,1,1,1,1,1,2,2,5,5,5,5,5,5,11,11,11,20,20,32,70,110,199,242,303,379,475,558,688,817
Ecuador,https://www.countryflags.io/EC/shiny/64.png,0,0,0,0,0,0,0,0,0,0,0,0,0,0,0,0,0,0,0,0,0,0,0,0,0,0,0,0,0,0,0,0,0,0,0,0,0,0,0,6,6,7,10,13,13,13,14,15,15,17,17,17,26,26,35,56,109,196,362,496,772,960,1052,1142,1366,1556,1772,1863
Egypt,https://www.countryflags.io/EG/shiny/64.png,0,0,0,0,0,0,0,0,0,0,0,0,0,0,0,0,0,0,0,0,0,0,0,1,1,1,1,1,1,1,1,1,1,1,1,1,1,0,0,1,1,1,1,2,14,14,47,53,57,32,39,51,80,87,121,160,158,218,238,243,257,291,302,340,369,390,419,437
El Salvador,https://www.countryflags.io/SV/shiny/64.png,0,0,0,0,0,0,0,0,0,0,0,0,0,0,0,0,0,0,0,0,0,0,0,0,0,0,0,0,0,0,0,0,0,0,0,0,0,0,0,0,0,0,0,0,0,0,0,0,0,0,0,0,0,0,0,0,0,1,1,3,3,3,5,9,13,13,19,24
Equatorial Guinea,https://www.countryflags.io/GQ/shiny/64.png,0,0,0,0,0,0,0,0,0,0,0,0,0,0,0,0,0,0,0,0,0,0,0,0,0,0,0,0,0,0,0,0,0,0,0,0,0,0,0,0,0,0,0,0,0,0,0,0,0,0,0,0,0,1,1,1,4,6,6,6,6,9,9,9,12,12,12,12
Eritrea,https://www.countryflags.io/ER/shiny/64.png,0,0,0,0,0,0,0,0,0,0,0,0,0,0,0,0,0,0,0,0,0,0,0,0,0,0,0,0,0,0,0,0,0,0,0,0,0,0,0,0,0,0,0,0,0,0,0,0,0,0,0,0,0,0,0,0,0,0,0,1,1,1,1,4,6,6,6,12
Estonia,https://www.countryflags.io/EE/shiny/64.png,0,0,0,0,0,0,0,0,0,0,0,0,0,0,0,0,0,0,0,0,0,0,0,0,0,0,0,0,0,0,0,0,0,0,0,0,1,1,1,1,1,2,2,3,10,10,10,10,12,16,16,79,115,170,204,224,257,266,282,305,324,350,362,395,529,563,624,656
Eswatini,None,0,0,0,0,0,0,0,0,0,0,0,0,0,0,0,0,0,0,0,0,0,0,0,0,0,0,0,0,0,0,0,0,0,0,0,0,0,0,0,0,0,0,0,0,0,0,0,0,0,0,0,0,1,1,1,1,1,1,1,1,4,4,4,4,6,9,9,9
Ethiopia,https://www.countryflags.io/ET/shiny/64.png,0,0,0,0,0,0,0,0,0,0,0,0,0,0,0,0,0,0,0,0,0,0,0,0,0,0,0,0,0,0,0,0,0,0,0,0,0,0,0,0,0,0,0,0,0,0,0,0,0,0,0,1,1,1,5,5,6,6,9,9,7,7,12,12,12,16,15,20
Fiji,https://www.countryflags.io/FJ/shiny/64.png,0,0,0,0,0,0,0,0,0,0,0,0,0,0,0,0,0,0,0,0,0,0,0,0,0,0,0,0,0,0,0,0,0,0,0,0,0,0,0,0,0,0,0,0,0,0,0,0,0,0,0,0,0,0,0,0,0,1,1,1,2,3,4,5,5,5,5,5
Finland,https://www.countryflags.io/FI/shiny/64.png,0,0,0,0,0,0,0,1,1,1,1,1,1,1,1,1,1,1,1,1,1,0,0,0,0,0,0,0,0,0,0,0,0,0,0,1,1,1,2,5,5,5,5,11,14,14,22,29,39,58,58,154,224,234,267,311,326,390,440,512,615,689,781,867,943,1024,1148,1219
France,https://www.countryflags.io/FR/shiny/64.png,0,0,2,3,3,3,4,5,5,5,6,6,6,6,6,6,6,11,11,11,11,9,9,9,7,7,7,7,7,7,7,7,7,7,2,5,25,44,86,116,176,188,272,362,635,936,1105,1188,1749,2233,2233,3590,4393,4429,6522,7554,8963,10714,12295,13888,13361,17055,18270,20360,22898,25698,30064,30871
Gabon,https://www.countryflags.io/GA/shiny/64.png,0,0,0,0,0,0,0,0,0,0,0,0,0,0,0,0,0,0,0,0,0,0,0,0,0,0,0,0,0,0,0,0,0,0,0,0,0,0,0,0,0,0,0,0,0,0,0,0,0,0,0,0,1,1,1,1,1,1,2,3,4,4,5,5,6,6,6,6
Gambia,https://www.countryflags.io/GM/shiny/64.png,0,0,0,0,0,0,0,0,0,0,0,0,0,0,0,0,0,0,0,0,0,0,0,0,0,0,0,0,0,0,0,0,0,0,0,0,0,0,0,0,0,0,0,0,0,0,0,0,0,0,0,0,0,0,0,1,1,1,1,1,1,1,2,2,2,2,2,3
Georgia,https://www.countryflags.io/GE/shiny/64.png,0,0,0,0,0,0,0,0,0,0,0,0,0,0,0,0,0,0,0,0,0,0,0,0,0,0,0,0,0,0,0,0,0,0,0,1,1,1,1,3,3,3,3,4,4,4,13,15,15,24,24,25,30,33,32,33,37,39,42,48,51,58,61,65,68,69,76,73
Germany,https://www.countryflags.io/DE/shiny/64.png,0,0,0,0,0,1,4,4,4,5,8,10,12,12,12,12,13,13,14,14,16,16,15,15,15,15,15,4,4,4,2,2,2,2,3,12,30,32,63,114,143,180,246,466,653,781,1022,1156,1437,1880,2050,3622,4530,5738,7188,9166,12194,15163,19601,21896,24513,28667,29586,33570,37998,43871,48781,52351
Ghana,https://www.countryflags.io/GH/shiny/64.png,0,0,0,0,0,0,0,0,0,0,0,0,0,0,0,0,0,0,0,0,0,0,0,0,0,0,0,0,0,0,0,0,0,0,0,0,0,0,0,0,0,0,0,0,0,0,0,0,0,0,0,0,3,6,6,7,7,11,16,18,22,25,51,89,127,131,134,145
Greece,https://www.countryflags.io/GR/shiny/64.png,0,0,0,0,0,0,0,0,0,0,0,0,0,0,0,0,0,0,0,0,0,0,0,0,0,0,0,0,0,0,0,0,0,0,0,1,3,4,4,7,7,7,9,31,45,46,73,73,89,98,98,189,217,319,319,374,405,404,470,498,590,659,694,763,830,886,977,1066
Grenada,https://www.countryflags.io/GD/shiny/64.png,0,0,0,0,0,0,0,0,0,0,0,0,0,0,0,0,0,0,0,0,0,0,0,0,0,0,0,0,0,0,0,0,0,0,0,0,0,0,0,0,0,0,0,0,0,0,0,0,0,0,0,0,0,0,0,0,0,0,0,0,1,1,1,1,7,7,7,9
Guatemala,https://www.countryflags.io/GT/shiny/64.png,0,0,0,0,0,0,0,0,0,0,0,0,0,0,0,0,0,0,0,0,0,0,0,0,0,0,0,0,0,0,0,0,0,0,0,0,0,0,0,0,0,0,0,0,0,0,0,0,0,0,0,0,1,1,1,5,5,8,11,16,18,19,20,19,20,23,23,23
Guinea,https://www.countryflags.io/GN/shiny/64.png,0,0,0,0,0,0,0,0,0,0,0,0,0,0,0,0,0,0,0,0,0,0,0,0,0,0,0,0,0,0,0,0,0,0,0,0,0,0,0,0,0,0,0,0,0,0,0,0,0,0,0,1,1,1,1,1,1,1,1,2,2,4,4,4,4,8,8,16
Guinea-Bissau,https://www.countryflags.io/GW/shiny/64.png,0,0,0,0,0,0,0,0,0,0,0,0,0,0,0,0,0,0,0,0,0,0,0,0,0,0,0,0,0,0,0,0,0,0,0,0,0,0,0,0,0,0,0,0,0,0,0,0,0,0,0,0,0,0,0,0,0,0,0,0,0,0,0,2,2,2,2,2
Guyana,https://www.countryflags.io/GY/shiny/64.png,0,0,0,0,0,0,0,0,0,0,0,0,0,0,0,0,0,0,0,0,0,0,0,0,0,0,0,0,0,0,0,0,0,0,0,0,0,0,0,0,0,0,0,0,0,0,0,0,0,0,0,0,0,3,3,6,6,6,6,6,18,19,4,4,4,4,7,7
Haiti,https://www.countryflags.io/HT/shiny/64.png,0,0,0,0,0,0,0,0,0,0,0,0,0,0,0,0,0,0,0,0,0,0,0,0,0,0,0,0,0,0,0,0,0,0,0,0,0,0,0,0,0,0,0,0,0,0,0,0,0,0,0,0,0,0,0,0,0,0,2,2,2,6,7,8,8,8,8,14
Holy See,None,0,0,0,0,0,0,0,0,0,0,0,0,0,0,0,0,0,0,0,0,0,0,0,0,0,0,0,0,0,0,0,0,0,0,0,0,0,0,0,0,0,0,0,0,1,1,1,1,1,1,1,1,1,1,1,1,1,1,1,1,1,1,4,4,4,4,6,6
Honduras,https://www.countryflags.io/HN/shiny/64.png,0,0,0,0,0,0,0,0,0,0,0,0,0,0,0,0,0,0,0,0,0,0,0,0,0,0,0,0,0,0,0,0,0,0,0,0,0,0,0,0,0,0,0,0,0,0,0,0,0,2,2,2,2,3,6,8,9,12,24,24,26,30,30,36,51,67,91,104
Hungary,https://www.countryflags.io/HU/shiny/64.png,0,0,0,0,0,0,0,0,0,0,0,0,0,0,0,0,0,0,0,0,0,0,0,0,0,0,0,0,0,0,0,0,0,0,0,0,0,0,0,0,0,0,2,2,2,4,7,9,9,13,13,19,29,30,37,47,55,70,80,92,109,144,157,195,223,256,298,361
Iceland,https://www.countryflags.io/IS/shiny/64.png,0,0,0,0,0,0,0,0,0,0,0,0,0,0,0,0,0,0,0,0,0,0,0,0,0,0,0,0,0,0,0,0,0,0,0,0,0,1,1,3,6,11,26,34,43,50,50,58,68,84,102,133,155,158,180,219,244,324,404,450,531,551,595,679,718,791,847,883
India,https://www.countryflags.io/IN/shiny/64.png,0,0,0,0,0,0,0,0,1,1,1,2,3,3,3,3,3,3,3,3,3,3,3,3,3,0,0,0,0,0,0,0,0,0,0,0,0,0,0,0,2,2,25,27,28,31,36,40,52,57,68,76,96,98,104,125,139,175,219,303,362,462,486,602,662,794,879,902
Indonesia,https://www.countryflags.io/ID/shiny/64.png,0,0,0,0,0,0,0,0,0,0,0,0,0,0,0,0,0,0,0,0,0,0,0,0,0,0,0,0,0,0,0,0,0,0,0,0,0,0,0,0,2,2,2,2,4,4,6,19,25,31,31,63,83,104,121,159,197,275,322,397,437,501,601,701,780,913,994,1107
Iran,https://www.countryflags.io/IR/shiny/64.png,0,0,0,0,0,0,0,0,0,0,0,0,0,0,0,0,0,0,0,0,0,0,0,0,0,0,0,0,0,3,14,23,35,49,79,71,170,281,427,749,1144,1968,2278,2667,3710,4009,4238,4530,5020,5687,6687,7891,9159,8624,9548,9792,10837,11413,11466,11419,12022,13306,13964,15315,16715,18821,21212,23278
Iraq,https://www.countryflags.io/IQ/shiny/64.png,0,0,0,0,0,0,0,0,0,0,0,0,0,0,0,0,0,0,0,0,0,0,0,0,0,0,0,0,0,0,0,0,0,1,1,5,7,7,13,19,26,32,33,33,37,50,54,51,61,49,48,68,74,80,88,111,109,136,142,146,156,186,214,214,241,296,333,362
Ireland,https://www.countryflags.io/IE/shiny/64.png,0,0,0,0,0,0,0,0,0,0,0,0,0,0,0,0,0,0,0,0,0,0,0,0,0,0,0,0,0,0,0,0,0,0,0,0,0,0,1,1,1,2,6,6,18,18,19,21,34,42,42,89,127,127,167,216,285,549,675,777,897,1114,1317,1550,1795,2094,2374,2564
Israel,https://www.countryflags.io/IL/shiny/64.png,0,0,0,0,0,0,0,0,0,0,0,0,0,0,0,0,0,0,0,0,0,0,0,0,0,0,0,0,0,0,1,1,1,1,1,2,2,3,6,9,9,11,14,19,35,41,59,59,71,75,96,122,151,209,214,239,293,416,515,675,845,1033,1182,2306,2617,2944,3518,4100
Italy,https://www.countryflags.io/IT/shiny/64.png,0,0,0,0,0,0,0,0,0,2,2,2,2,2,2,2,3,3,3,3,3,3,3,3,3,3,3,3,3,3,19,59,150,221,311,438,593,821,1053,1577,1835,2263,2706,3296,3916,5061,6387,7985,8794,10590,10590,14955,17750,20603,23073,26062,28710,33190,38549,42681,46638,50826,54030,57521,62013,66414,70065,73880
Jamaica,https://www.countryflags.io/JM/shiny/64.png,0,0,0,0,0,0,0,0,0,0,0,0,0,0,0,0,0,0,0,0,0,0,0,0,0,0,0,0,0,0,0,0,0,0,0,0,0,0,0,0,0,0,0,0,0,0,0,0,0,1,2,8,8,10,8,10,11,12,13,13,16,16,18,23,23,23,27,29
Japan,https://www.countryflags.io/JP/shiny/64.png,2,2,2,2,3,3,6,6,10,14,19,19,19,21,21,21,24,24,25,22,17,19,18,19,30,46,53,60,65,75,82,99,124,136,147,165,188,202,204,218,236,244,282,311,368,379,420,425,470,506,505,564,633,699,668,705,716,745,739,740,825,851,865,952,981,1047,1237,1388
Jordan,https://www.countryflags.io/JO/shiny/64.png,0,0,0,0,0,0,0,0,0,0,0,0,0,0,0,0,0,0,0,0,0,0,0,0,0,0,0,0,0,0,0,0,0,0,0,0,0,0,0,0,0,1,1,1,1,1,1,1,1,1,1,0,0,7,16,33,51,68,84,84,111,126,153,171,211,216,227,238
Kazakhstan,https://www.countryflags.io/KZ/shiny/64.png,0,0,0,0,0,0,0,0,0,0,0,0,0,0,0,0,0,0,0,0,0,0,0,0,0,0,0,0,0,0,0,0,0,0,0,0,0,0,0,0,0,0,0,0,0,0,0,0,0,0,0,4,6,9,10,33,35,44,46,53,60,62,72,81,108,146,211,263
Kenya,https://www.countryflags.io/KE/shiny/64.png,0,0,0,0,0,0,0,0,0,0,0,0,0,0,0,0,0,0,0,0,0,0,0,0,0,0,0,0,0,0,0,0,0,0,0,0,0,0,0,0,0,0,0,0,0,0,0,0,0,0,0,1,1,3,3,3,3,7,7,7,15,16,25,27,29,29,36,40
"Korea, South",None,1,1,2,2,3,4,4,4,4,11,12,15,15,16,19,23,23,23,22,24,25,21,21,21,19,20,20,19,19,87,186,415,578,807,945,1227,1731,2302,3107,3689,4277,5128,5545,6012,6416,6862,7146,7307,7212,7407,7470,7403,7504,7577,7024,6832,6789,6934,7018,7157,5941,5941,5410,5281,4966,4665,4523,4398
Kosovo,https://www.countryflags.io/XK/shiny/64.png,0,0,0,0,0,0,0,0,0,0,0,0,0,0,0,0,0,0,0,0,0,0,0,0,0,0,0,0,0,0,0,0,0,0,0,0,0,0,0,0,0,0,0,0,0,0,0,0,0,0,0,0,0,0,0,0,0,0,0,0,0,0,0,0,70,84,89,92
Kuwait,https://www.countryflags.io/KW/shiny/64.png,0,0,0,0,0,0,0,0,0,0,0,0,0,0,0,0,0,0,0,0,0,0,0,0,0,0,0,0,0,0,0,0,0,1,11,26,43,45,45,45,56,56,56,58,58,61,63,63,68,70,75,75,99,107,114,121,127,130,141,149,161,162,152,152,159,168,171,188
Kyrgyzstan,https://www.countryflags.io/KG/shiny/64.png,0,0,0,0,0,0,0,0,0,0,0,0,0,0,0,0,0,0,0,0,0,0,0,0,0,0,0,0,0,0,0,0,0,0,0,0,0,0,0,0,0,0,0,0,0,0,0,0,0,0,0,0,0,0,0,0,3,3,6,14,14,16,42,44,44,58,58,84
Laos,https://www.countryflags.io/LA/shiny/64.png,0,0,0,0,0,0,0,0,0,0,0,0,0,0,0,0,0,0,0,0,0,0,0,0,0,0,0,0,0,0,0,0,0,0,0,0,0,0,0,0,0,0,0,0,0,0,0,0,0,0,0,0,0,0,0,0,0,0,0,0,0,0,2,3,6,6,8,8
Latvia,https://www.countryflags.io/LV/shiny/64.png,0,0,0,0,0,0,0,0,0,0,0,0,0,0,0,0,0,0,0,0,0,0,0,0,0,0,0,0,0,0,0,0,0,0,0,0,0,0,0,0,1,1,1,1,1,1,2,6,7,9,9,16,25,29,33,48,70,85,110,123,138,179,196,220,243,279,304,346
Lebanon,https://www.countryflags.io/LB/shiny/64.png,0,0,0,0,0,0,0,0,0,0,0,0,0,0,0,0,0,0,0,0,0,0,0,0,0,0,0,0,0,0,1,1,1,1,1,2,2,2,4,10,13,13,12,15,21,21,31,31,39,57,57,73,89,106,106,114,127,149,155,179,236,255,306,307,339,356,374,398
Liberia,https://www.countryflags.io/LR/shiny/64.png,0,0,0,0,0,0,0,0,0,0,0,0,0,0,0,0,0,0,0,0,0,0,0,0,0,0,0,0,0,0,0,0,0,0,0,0,0,0,0,0,0,0,0,0,0,0,0,0,0,0,0,0,0,0,1,1,2,2,2,3,3,3,3,3,3,3,3,3
Libya,https://www.countryflags.io/LY/shiny/64.png,0,0,0,0,0,0,0,0,0,0,0,0,0,0,0,0,0,0,0,0,0,0,0,0,0,0,0,0,0,0,0,0,0,0,0,0,0,0,0,0,0,0,0,0,0,0,0,0,0,0,0,0,0,0,0,0,0,0,0,0,0,0,1,1,1,1,3,8
Liechtenstein,https://www.countryflags.io/LI/shiny/64.png,0,0,0,0,0,0,0,0,0,0,0,0,0,0,0,0,0,0,0,0,0,0,0,0,0,0,0,0,0,0,0,0,0,0,0,0,0,0,0,0,0,0,1,1,1,1,1,1,1,1,1,1,4,4,4,7,28,28,28,37,37,51,51,51,56,56,56,56
Lithuania,https://www.countryflags.io/LT/shiny/64.png,0,0,0,0,0,0,0,0,0,0,0,0,0,0,0,0,0,0,0,0,0,0,0,0,0,0,0,0,0,0,0,0,0,0,0,0,0,1,1,1,1,1,1,1,1,1,1,1,1,3,3,6,8,11,16,24,26,35,48,81,141,177,206,269,294,352,386,452
Luxembourg,https://www.countryflags.io/LU/shiny/64.png,0,0,0,0,0,0,0,0,0,0,0,0,0,0,0,0,0,0,0,0,0,0,0,0,0,0,0,0,0,0,0,0,0,0,0,0,0,0,1,1,1,1,1,1,2,2,3,3,5,7,19,34,50,58,76,139,201,331,480,662,784,861,1085,1319,1438,1550,1773,1889
MS Zaandam,None,0,0,0,0,0,0,0,0,0,0,0,0,0,0,0,0,0,0,0,0,0,0,0,0,0,0,0,0,0,0,0,0,0,0,0,0,0,0,0,0,0,0,0,0,0,0,0,0,0,0,0,0,0,0,0,0,0,0,0,0,0,0,0,0,0,0,2,2
Madagascar,https://www.countryflags.io/MG/shiny/64.png,0,0,0,0,0,0,0,0,0,0,0,0,0,0,0,0,0,0,0,0,0,0,0,0,0,0,0,0,0,0,0,0,0,0,0,0,0,0,0,0,0,0,0,0,0,0,0,0,0,0,0,0,0,0,0,0,0,0,3,3,3,12,17,19,23,26,26,39
Malaysia,https://www.countryflags.io/MY/shiny/64.png,0,0,0,3,4,4,4,7,8,8,8,8,8,10,12,12,11,15,15,17,15,15,16,16,15,15,15,9,7,7,7,7,7,4,4,4,5,5,7,11,11,14,28,28,61,70,75,93,105,123,123,171,203,386,524,622,728,823,940,1065,1157,1365,1425,1577,1793,1876,1973,2047
Maldives,https://www.countryflags.io/MV/shiny/64.png,0,0,0,0,0,0,0,0,0,0,0,0,0,0,0,0,0,0,0,0,0,0,0,0,0,0,0,0,0,0,0,0,0,0,0,0,0,0,0,0,0,0,0,0,0,0,4,4,6,8,8,9,10,13,13,13,13,13,13,13,13,13,8,5,5,7,7,4
Mali,https://www.countryflags.io/ML/shiny/64.png,0,0,0,0,0,0,0,0,0,0,0,0,0,0,0,0,0,0,0,0,0,0,0,0,0,0,0,0,0,0,0,0,0,0,0,0,0,0,0,0,0,0,0,0,0,0,0,0,0,0,0,0,0,0,0,0,0,0,0,0,0,0,0,2,4,11,18,17
Malta,https://www.countryflags.io/MT/shiny/64.png,0,0,0,0,0,0,0,0,0,0,0,0,0,0,0,0,0,0,0,0,0,0,0,0,0,0,0,0,0,0,0,0,0,0,0,0,0,0,0,0,0,0,0,0,0,3,3,3,5,6,6,11,17,20,28,36,36,51,62,71,88,105,108,127,132,137,147,149
Mauritania,https://www.countryflags.io/MR/shiny/64.png,0,0,0,0,0,0,0,0,0,0,0,0,0,0,0,0,0,0,0,0,0,0,0,0,0,0,0,0,0,0,0,0,0,0,0,0,0,0,0,0,0,0,0,0,0,0,0,0,0,0,0,0,1,1,1,1,1,2,2,2,2,2,2,2,3,3,5,3
Mauritius,https://www.countryflags.io/MU/shiny/64.png,0,0,0,0,0,0,0,0,0,0,0,0,0,0,0,0,0,0,0,0,0,0,0,0,0,0,0,0,0,0,0,0,0,0,0,0,0,0,0,0,0,0,0,0,0,0,0,0,0,0,0,0,0,0,0,0,3,3,12,13,26,34,40,46,79,92,100,104
Mexico,https://www.countryflags.io/MX/shiny/64.png,0,0,0,0,0,0,0,0,0,0,0,0,0,0,0,0,0,0,0,0,0,0,0,0,0,0,0,0,0,0,0,0,0,0,0,0,0,1,4,5,5,4,4,4,5,5,6,6,3,4,8,8,22,37,49,78,89,113,159,197,245,309,359,396,465,573,701,828
Moldova,https://www.countryflags.io/MD/shiny/64.png,0,0,0,0,0,0,0,0,0,0,0,0,0,0,0,0,0,0,0,0,0,0,0,0,0,0,0,0,0,0,0,0,0,0,0,0,0,0,0,0,0,0,0,0,0,0,1,1,3,3,3,6,12,23,23,29,28,47,64,78,92,107,122,146,174,195,227,259
Monaco,https://www.countryflags.io/MC/shiny/64.png,0,0,0,0,0,0,0,0,0,0,0,0,0,0,0,0,0,0,0,0,0,0,0,0,0,0,0,0,0,0,0,0,0,0,0,0,0,0,1,1,1,1,1,1,1,1,1,1,1,1,2,2,2,2,7,7,7,7,11,11,22,22,22,30,32,41,41,44
Mongolia,https://www.countryflags.io/MN/shiny/64.png,0,0,0,0,0,0,0,0,0,0,0,0,0,0,0,0,0,0,0,0,0,0,0,0,0,0,0,0,0,0,0,0,0,0,0,0,0,0,0,0,0,0,0,0,0,0,0,0,1,1,1,1,1,1,1,5,6,6,6,10,10,10,10,10,11,11,12,12
Montenegro,https://www.countryflags.io/ME/shiny/64.png,0,0,0,0,0,0,0,0,0,0,0,0,0,0,0,0,0,0,0,0,0,0,0,0,0,0,0,0,0,0,0,0,0,0,0,0,0,0,0,0,0,0,0,0,0,0,0,0,0,0,0,0,0,0,0,2,2,3,14,14,21,26,46,51,68,81,83,84
Morocco,https://www.countryflags.io/MA/shiny/64.png,0,0,0,0,0,0,0,0,0,0,0,0,0,0,0,0,0,0,0,0,0,0,0,0,0,0,0,0,0,0,0,0,0,0,0,0,0,0,0,0,1,1,1,2,2,2,2,2,2,4,5,5,15,26,27,35,46,60,73,90,108,136,159,212,256,311,366,440
Mozambique,https://www.countryflags.io/MZ/shiny/64.png,0,0,0,0,0,0,0,0,0,0,0,0,0,0,0,0,0,0,0,0,0,0,0,0,0,0,0,0,0,0,0,0,0,0,0,0,0,0,0,0,0,0,0,0,0,0,0,0,0,0,0,0,0,0,0,0,0,0,0,0,1,1,3,5,7,7,8,8
Namibia,https://www.countryflags.io/NA/shiny/64.png,0,0,0,0,0,0,0,0,0,0,0,0,0,0,0,0,0,0,0,0,0,0,0,0,0,0,0,0,0,0,0,0,0,0,0,0,0,0,0,0,0,0,0,0,0,0,0,0,0,0,0,0,2,2,2,2,2,3,3,3,3,4,5,5,6,6,6,9
Nepal,https://www.countryflags.io/NP/shiny/64.png,0,0,0,1,1,1,1,1,1,1,1,1,1,1,1,1,1,1,1,1,1,0,0,0,0,0,0,0,0,0,0,0,0,0,0,0,0,0,0,0,0,0,0,0,0,0,0,0,0,0,0,0,0,0,0,0,0,0,0,0,0,1,1,2,2,3,4,4
Netherlands,https://www.countryflags.io/NL/shiny/64.png,0,0,0,0,0,0,0,0,0,0,0,0,0,0,0,0,0,0,0,0,0,0,0,0,0,0,0,0,0,0,0,0,0,0,0,0,1,1,6,10,18,24,38,82,127,187,262,318,378,498,498,796,948,1116,1390,1666,1998,2388,2894,3501,4035,4548,5300,6077,7027,8094,9173,9905
New Zealand,https://www.countryflags.io/NZ/shiny/64.png,0,0,0,0,0,0,0,0,0,0,0,0,0,0,0,0,0,0,0,0,0,0,0,0,0,0,0,0,0,0,0,0,0,0,0,0,0,1,1,1,1,1,3,3,4,5,5,5,5,5,5,5,6,8,8,12,20,28,39,52,102,102,143,183,256,331,401,457
Nicaragua,https://www.countryflags.io/NI/shiny/64.png,0,0,0,0,0,0,0,0,0,0,0,0,0,0,0,0,0,0,0,0,0,0,0,0,0,0,0,0,0,0,0,0,0,0,0,0,0,0,0,0,0,0,0,0,0,0,0,0,0,0,0,0,0,0,0,0,0,1,1,2,2,2,2,2,2,1,3,3
Niger,https://www.countryflags.io/NE/shiny/64.png,0,0,0,0,0,0,0,0,0,0,0,0,0,0,0,0,0,0,0,0,0,0,0,0,0,0,0,0,0,0,0,0,0,0,0,0,0,0,0,0,0,0,0,0,0,0,0,0,0,0,0,0,0,0,0,0,0,0,1,1,2,3,3,6,9,9,9,17
Nigeria,https://www.countryflags.io/NG/shiny/64.png,0,0,0,0,0,0,0,0,0,0,0,0,0,0,0,0,0,0,0,0,0,0,0,0,0,0,0,0,0,0,0,0,0,0,0,0,0,1,1,1,1,1,1,1,1,1,1,2,2,2,2,2,2,2,2,3,7,7,11,21,28,37,41,48,62,66,85,107
North Macedonia,None,0,0,0,0,0,0,0,0,0,0,0,0,0,0,0,0,0,0,0,0,0,0,0,0,0,0,0,0,0,0,0,0,0,0,0,1,1,1,1,1,1,1,1,1,3,3,3,3,7,7,7,13,13,13,17,25,34,47,66,84,113,133,145,173,195,213,234,250
Norway,https://www.countryflags.io/NO/shiny/64.png,0,0,0,0,0,0,0,0,0,0,0,0,0,0,0,0,0,0,0,0,0,0,0,0,0,0,0,0,0,0,0,0,0,0,0,1,1,6,15,19,25,32,56,87,108,147,176,204,399,597,701,995,1086,1217,1329,1459,1543,1738,1906,2110,2377,2610,2845,3064,3349,3730,3985,4252
Oman,https://www.countryflags.io/OM/shiny/64.png,0,0,0,0,0,0,0,0,0,0,0,0,0,0,0,0,0,0,0,0,0,0,0,0,0,0,0,0,0,0,0,0,0,2,2,4,4,4,5,5,5,10,13,14,14,14,14,14,9,9,9,10,10,13,13,15,27,36,36,40,38,49,67,82,86,108,129,144
Pakistan,https://www.countryflags.io/PK/shiny/64.png,0,0,0,0,0,0,0,0,0,0,0,0,0,0,0,0,0,0,0,0,0,0,0,0,0,0,0,0,0,0,0,0,0,0,0,2,2,2,4,4,4,5,5,5,6,6,5,5,15,17,18,26,29,51,134,234,297,439,485,714,766,864,947,1034,1171,1339,1454,1554
Panama,https://www.countryflags.io/PA/shiny/64.png,0,0,0,0,0,0,0,0,0,0,0,0,0,0,0,0,0,0,0,0,0,0,0,0,0,0,0,0,0,0,0,0,0,0,0,0,0,0,0,0,0,0,0,0,0,0,0,0,1,7,10,26,35,42,54,68,85,108,136,199,310,339,338,434,548,663,770,880
Papua New Guinea,https://www.countryflags.io/PG/shiny/64.png,0,0,0,0,0,0,0,0,0,0,0,0,0,0,0,0,0,0,0,0,0,0,0,0,0,0,0,0,0,0,0,0,0,0,0,0,0,0,0,0,0,0,0,0,0,0,0,0,0,0,0,0,0,0,0,0,0,0,1,1,1,1,1,1,1,1,1,1
Paraguay,https://www.countryflags.io/PY/shiny/64.png,0,0,0,0,0,0,0,0,0,0,0,0,0,0,0,0,0,0,0,0,0,0,0,0,0,0,0,0,0,0,0,0,0,0,0,0,0,0,0,0,0,0,0,0,0,0,1,1,1,5,5,6,6,6,8,9,11,11,13,17,21,21,25,34,38,48,52,55
Peru,https://www.countryflags.io/PE/shiny/64.png,0,0,0,0,0,0,0,0,0,0,0,0,0,0,0,0,0,0,0,0,0,0,0,0,0,0,0,0,0,0,0,0,0,0,0,0,0,0,0,0,0,0,0,0,1,1,6,7,11,11,15,28,38,43,86,116,144,233,230,312,357,389,408,470,557,608,639,818
Philippines,https://www.countryflags.io/PH/shiny/64.png,0,0,0,0,0,0,0,0,1,1,1,1,1,1,1,1,2,2,2,2,2,1,1,1,1,1,1,1,1,1,1,1,1,1,1,1,1,1,1,1,1,1,1,1,3,4,8,18,30,46,48,57,101,127,128,170,178,192,204,275,338,412,497,572,634,718,972,1305
Poland,https://www.countryflags.io/PL/shiny/64.png,0,0,0,0,0,0,0,0,0,0,0,0,0,0,0,0,0,0,0,0,0,0,0,0,0,0,0,0,0,0,0,0,0,0,0,0,0,0,0,0,0,0,1,1,5,5,11,16,22,31,48,66,100,116,160,220,233,349,419,530,626,740,890,1030,1198,1366,1613,1833
Portugal,https://www.countryflags.io/PT/shiny/64.png,0,0,0,0,0,0,0,0,0,0,0,0,0,0,0,0,0,0,0,0,0,0,0,0,0,0,0,0,0,0,0,0,0,0,0,0,0,0,0,0,2,2,5,8,13,20,30,30,41,59,59,111,167,243,328,444,443,779,1009,1263,1581,2032,2307,2930,3441,4149,5027,5800
Qatar,https://www.countryflags.io/QA/shiny/64.png,0,0,0,0,0,0,0,0,0,0,0,0,0,0,0,0,0,0,0,0,0,0,0,0,0,0,0,0,0,0,0,0,0,0,0,0,0,0,1,3,3,7,8,8,8,8,15,18,24,262,262,320,333,397,435,435,448,456,460,454,461,468,485,496,506,519,544,585
Romania,https://www.countryflags.io/RO/shiny/64.png,0,0,0,0,0,0,0,0,0,0,0,0,0,0,0,0,0,0,0,0,0,0,0,0,0,0,0,0,0,0,0,0,0,0,0,1,1,3,3,3,3,3,3,5,8,6,12,12,22,39,43,82,114,122,149,168,241,252,283,315,366,505,704,803,912,1151,1276,1566
Russia,https://www.countryflags.io/RU/shiny/64.png,0,0,0,0,0,0,0,0,0,2,2,2,2,2,2,2,2,2,2,2,2,0,0,0,0,0,0,0,0,0,0,0,0,0,0,0,0,0,0,0,1,1,1,2,11,11,14,14,17,17,25,42,51,55,82,106,139,189,243,293,350,421,472,626,799,987,1211,1462
Rwanda,https://www.countryflags.io/RW/shiny/64.png,0,0,0,0,0,0,0,0,0,0,0,0,0,0,0,0,0,0,0,0,0,0,0,0,0,0,0,0,0,0,0,0,0,0,0,0,0,0,0,0,0,0,0,0,0,0,0,0,0,0,0,0,1,1,5,7,8,8,17,17,19,36,40,41,50,54,60,70
Saint Kitts and Nevis,https://www.countryflags.io/KN/shiny/64.png,0,0,0,0,0,0,0,0,0,0,0,0,0,0,0,0,0,0,0,0,0,0,0,0,0,0,0,0,0,0,0,0,0,0,0,0,0,0,0,0,0,0,0,0,0,0,0,0,0,0,0,0,0,0,0,0,0,0,0,0,0,0,0,2,2,2,2,2
Saint Lucia,https://www.countryflags.io/LC/shiny/64.png,0,0,0,0,0,0,0,0,0,0,0,0,0,0,0,0,0,0,0,0,0,0,0,0,0,0,0,0,0,0,0,0,0,0,0,0,0,0,0,0,0,0,0,0,0,0,0,0,0,0,0,0,1,2,2,2,2,2,2,2,2,3,3,3,3,2,2,8
Saint Vincent and the Grenadines,https://www.countryflags.io/VC/shiny/64.png,0,0,0,0,0,0,0,0,0,0,0,0,0,0,0,0,0,0,0,0,0,0,0,0,0,0,0,0,0,0,0,0,0,0,0,0,0,0,0,0,0,0,0,0,0,0,0,0,0,0,0,0,1,1,1,1,1,1,1,1,1,1,1,1,1,1,0,0
San Marino,https://www.countryflags.io/SM/shiny/64.png,0,0,0,0,0,0,0,0,0,0,0,0,0,0,0,0,0,0,0,0,0,0,0,0,0,0,0,0,0,0,0,0,0,0,0,0,1,1,1,1,8,9,15,20,20,22,35,35,49,60,66,75,71,92,98,98,104,104,126,120,151,163,162,183,183,198,196,196
Saudi Arabia,https://www.countryflags.io/SA/shiny/64.png,0,0,0,0,0,0,0,0,0,0,0,0,0,0,0,0,0,0,0,0,0,0,0,0,0,0,0,0,0,0,0,0,0,0,0,0,0,0,0,0,1,1,1,5,5,5,11,15,19,20,44,85,102,102,116,165,165,268,336,376,495,546,738,869,976,1066,1162,1225
Senegal,https://www.countryflags.io/SN/shiny/64.png,0,0,0,0,0,0,0,0,0,0,0,0,0,0,0,0,0,0,0,0,0,0,0,0,0,0,0,0,0,0,0,0,0,0,0,0,0,0,0,0,1,2,4,4,4,4,3,3,3,3,3,9,9,23,22,24,29,29,36,42,62,74,78,90,96,108,112,115
Serbia,https://www.countryflags.io/RS/shiny/64.png,0,0,0,0,0,0,0,0,0,0,0,0,0,0,0,0,0,0,0,0,0,0,0,0,0,0,0,0,0,0,0,0,0,0,0,0,0,0,0,0,0,0,0,0,1,1,1,1,5,12,19,35,46,48,54,64,82,102,133,169,219,245,285,365,383,456,649,728
Seychelles,https://www.countryflags.io/SC/shiny/64.png,0,0,0,0,0,0,0,0,0,0,0,0,0,0,0,0,0,0,0,0,0,0,0,0,0,0,0,0,0,0,0,0,0,0,0,0,0,0,0,0,0,0,0,0,0,0,0,0,0,0,0,0,2,2,3,4,4,6,7,7,7,7,7,7,7,7,8,8
Singapore,https://www.countryflags.io/SG/shiny/64.png,0,1,3,3,4,5,7,7,10,13,16,18,18,24,28,28,30,31,38,43,38,35,43,50,54,57,53,52,50,50,48,48,38,38,38,31,31,31,30,34,30,32,32,39,52,60,72,72,82,82,82,103,107,121,134,152,199,231,261,290,309,363,400,469,509,547,602,629
Slovakia,https://www.countryflags.io/SK/shiny/64.png,0,0,0,0,0,0,0,0,0,0,0,0,0,0,0,0,0,0,0,0,0,0,0,0,0,0,0,0,0,0,0,0,0,0,0,0,0,0,0,0,0,0,0,0,1,1,3,3,7,10,16,32,44,54,63,72,104,122,136,177,178,179,197,209,224,267,290,312
Slovenia,https://www.countryflags.io/SI/shiny/64.png,0,0,0,0,0,0,0,0,0,0,0,0,0,0,0,0,0,0,0,0,0,0,0,0,0,0,0,0,0,0,0,0,0,0,0,0,0,0,0,0,0,0,0,2,7,7,16,16,31,57,89,141,180,218,252,274,274,285,340,382,412,439,476,513,546,613,665,709
Somalia,https://www.countryflags.io/SO/shiny/64.png,0,0,0,0,0,0,0,0,0,0,0,0,0,0,0,0,0,0,0,0,0,0,0,0,0,0,0,0,0,0,0,0,0,0,0,0,0,0,0,0,0,0,0,0,0,0,0,0,0,0,0,0,0,0,1,1,1,1,1,1,1,1,1,1,2,3,3,3
South Africa,https://www.countryflags.io/ZA/shiny/64.png,0,0,0,0,0,0,0,0,0,0,0,0,0,0,0,0,0,0,0,0,0,0,0,0,0,0,0,0,0,0,0,0,0,0,0,0,0,0,0,0,0,0,0,1,1,1,3,3,7,13,17,24,38,51,62,62,116,150,202,240,274,402,550,697,915,1138,1155,1247
Spain,https://www.countryflags.io/ES/shiny/64.png,0,0,0,0,0,0,0,0,0,0,1,1,1,1,1,1,1,1,2,2,2,2,2,2,0,0,0,0,0,0,0,0,0,0,4,11,13,30,43,82,118,162,218,254,393,460,626,1013,1628,2040,2039,4906,5679,6992,9070,10187,12206,16026,17779,21874,24421,30250,33283,40501,46406,51224,54968,58598
Sri Lanka,https://www.countryflags.io/LK/shiny/64.png,0,0,0,0,0,1,1,1,1,1,1,1,1,1,1,1,1,0,0,0,0,0,0,0,0,0,0,0,0,0,0,0,0,0,0,0,0,0,0,0,0,0,0,0,0,0,0,0,0,1,1,5,9,17,27,43,50,57,70,76,79,94,100,99,99,99,103,105
Sudan,https://www.countryflags.io/SD/shiny/64.png,0,0,0,0,0,0,0,0,0,0,0,0,0,0,0,0,0,0,0,0,0,0,0,0,0,0,0,0,0,0,0,0,0,0,0,0,0,0,0,0,0,0,0,0,0,0,0,0,0,0,0,0,0,0,0,0,1,1,1,1,1,1,2,2,2,2,4,5
Suriname,https://www.countryflags.io/SR/shiny/64.png,0,0,0,0,0,0,0,0,0,0,0,0,0,0,0,0,0,0,0,0,0,0,0,0,0,0,0,0,0,0,0,0,0,0,0,0,0,0,0,0,0,0,0,0,0,0,0,0,0,0,0,0,1,1,1,1,1,1,4,4,5,5,7,8,8,8,8,8
Sweden,https://www.countryflags.io/SE/shiny/64.png,0,0,0,0,0,0,0,0,0,1,1,1,1,1,1,1,1,1,1,1,1,1,1,1,1,1,1,1,1,1,1,1,1,1,1,2,7,7,12,14,15,21,35,94,101,161,203,247,354,498,597,812,958,1018,1096,1182,1268,1412,1607,1727,1897,2005,2234,2448,2747,2948,3326,3574
Switzerland,https://www.countryflags.io/CH/shiny/64.png,0,0,0,0,0,0,0,0,0,0,0,0,0,0,0,0,0,0,0,0,0,0,0,0,0,0,0,0,0,0,0,0,0,0,1,1,8,8,18,27,42,54,87,110,210,264,332,369,485,644,644,1124,1342,2182,2182,2669,2985,4019,5225,6485,7245,8544,9624,10613,11489,11167,12282,12934
Syria,https://www.countryflags.io/SY/shiny/64.png,0,0,0,0,0,0,0,0,0,0,0,0,0,0,0,0,0,0,0,0,0,0,0,0,0,0,0,0,0,0,0,0,0,0,0,0,0,0,0,0,0,0,0,0,0,0,0,0,0,0,0,0,0,0,0,0,0,0,0,0,1,1,1,5,5,5,5,8
Taiwan*,None,1,1,3,3,4,5,8,8,9,10,10,10,10,11,11,15,15,16,17,17,17,17,17,16,16,17,19,19,20,21,23,23,25,24,25,26,26,27,29,30,28,29,29,31,32,32,31,29,29,30,28,29,32,38,46,54,77,81,107,123,139,165,184,204,221,236,251,266
Tanzania,https://www.countryflags.io/TZ/shiny/64.png,0,0,0,0,0,0,0,0,0,0,0,0,0,0,0,0,0,0,0,0,0,0,0,0,0,0,0,0,0,0,0,0,0,0,0,0,0,0,0,0,0,0,0,0,0,0,0,0,0,0,0,0,0,0,1,1,3,6,6,6,12,12,12,12,13,12,13,13
Thailand,https://www.countryflags.io/TH/shiny/64.png,2,3,5,7,6,6,9,9,9,14,14,14,14,20,20,20,20,22,22,22,23,23,21,21,21,20,20,20,20,20,18,18,14,14,15,18,18,13,14,13,11,11,11,15,16,18,18,18,19,24,35,39,46,78,111,135,169,229,279,368,554,676,771,860,953,1034,1142,1284
Timor-Leste,None,0,0,0,0,0,0,0,0,0,0,0,0,0,0,0,0,0,0,0,0,0,0,0,0,0,0,0,0,0,0,0,0,0,0,0,0,0,0,0,0,0,0,0,0,0,0,0,0,0,0,0,0,0,0,0,0,0,0,0,0,1,1,1,1,1,1,1,1
Togo,https://www.countryflags.io/TG/shiny/64.png,0,0,0,0,0,0,0,0,0,0,0,0,0,0,0,0,0,0,0,0,0,0,0,0,0,0,0,0,0,0,0,0,0,0,0,0,0,0,0,0,0,0,0,0,1,1,1,1,1,1,1,1,1,1,1,1,1,1,8,15,15,17,19,22,22,23,23,23
Trinidad and Tobago,https://www.countryflags.io/TT/shiny/64.png,0,0,0,0,0,0,0,0,0,0,0,0,0,0,0,0,0,0,0,0,0,0,0,0,0,0,0,0,0,0,0,0,0,0,0,0,0,0,0,0,0,0,0,0,0,0,0,0,0,0,0,0,2,2,4,5,7,9,9,48,49,50,57,59,64,63,70,74
Tunisia,https://www.countryflags.io/TN/shiny/64.png,0,0,0,0,0,0,0,0,0,0,0,0,0,0,0,0,0,0,0,0,0,0,0,0,0,0,0,0,0,0,0,0,0,0,0,0,0,0,0,0,0,0,1,1,1,1,2,2,5,7,7,16,18,18,20,24,29,38,53,59,71,85,109,166,189,219,268,302
Turkey,https://www.countryflags.io/TR/shiny/64.png,0,0,0,0,0,0,0,0,0,0,0,0,0,0,0,0,0,0,0,0,0,0,0,0,0,0,0,0,0,0,0,0,0,0,0,0,0,0,0,0,0,0,0,0,0,0,0,0,0,1,1,5,5,6,18,46,97,189,355,661,1206,1492,1828,2348,3528,5564,7224,8981
US,None,1,1,2,2,5,5,5,5,5,7,8,8,11,11,11,11,11,11,8,8,9,9,10,10,10,10,10,10,10,10,10,10,10,46,45,51,52,53,60,66,85,104,131,198,241,378,490,554,923,1237,1611,2120,2661,3424,4530,6296,7560,13356,18709,25006,32681,43112,52686,64475,81946,99207,118380,135754
Uganda,https://www.countryflags.io/UG/shiny/64.png,0,0,0,0,0,0,0,0,0,0,0,0,0,0,0,0,0,0,0,0,0,0,0,0,0,0,0,0,0,0,0,0,0,0,0,0,0,0,0,0,0,0,0,0,0,0,0,0,0,0,0,0,0,0,0,0,0,0,0,1,1,9,9,14,14,23,30,33
Ukraine,https://www.countryflags.io/UA/shiny/64.png,0,0,0,0,0,0,0,0,0,0,0,0,0,0,0,0,0,0,0,0,0,0,0,0,0,0,0,0,0,0,0,0,0,0,0,0,0,0,0,0,0,1,1,1,1,1,1,1,1,1,1,2,2,2,6,12,12,14,26,43,69,69,93,139,190,300,342,459
United Arab Emirates,https://www.countryflags.io/AE/shiny/64.png,0,0,0,0,0,0,0,4,4,4,4,5,5,5,5,5,5,7,7,8,8,7,7,7,5,5,5,5,5,5,5,9,9,9,9,9,9,14,16,16,16,22,22,24,24,38,38,38,62,57,68,68,68,75,75,75,87,109,107,113,113,158,201,279,279,351,414,509
United Kingdom,https://www.countryflags.io/GB/shiny/64.png,0,0,0,0,0,0,0,0,0,2,2,2,2,2,2,2,3,3,3,8,8,8,8,8,8,1,1,1,1,1,1,1,1,5,5,5,7,12,15,28,32,43,78,107,154,187,253,300,359,432,432,775,1104,1105,1474,1851,2503,2511,3769,4766,5396,6323,7601,9034,11082,13833,16140,18398
Uruguay,https://www.countryflags.io/UY/shiny/64.png,0,0,0,0,0,0,0,0,0,0,0,0,0,0,0,0,0,0,0,0,0,0,0,0,0,0,0,0,0,0,0,0,0,0,0,0,0,0,0,0,0,0,0,0,0,0,0,0,0,0,0,0,4,4,8,29,50,79,94,110,158,162,162,189,217,238,274,303
Uzbekistan,https://www.countryflags.io/UZ/shiny/64.png,0,0,0,0,0,0,0,0,0,0,0,0,0,0,0,0,0,0,0,0,0,0,0,0,0,0,0,0,0,0,0,0,0,0,0,0,0,0,0,0,0,0,0,0,0,0,0,0,0,0,0,0,0,1,6,10,15,23,33,43,43,46,50,60,75,82,97,135
Venezuela,https://www.countryflags.io/VE/shiny/64.png,0,0,0,0,0,0,0,0,0,0,0,0,0,0,0,0,0,0,0,0,0,0,0,0,0,0,0,0,0,0,0,0,0,0,0,0,0,0,0,0,0,0,0,0,0,0,0,0,0,0,0,0,2,10,17,33,36,42,42,70,55,62,69,76,92,75,78,78
Vietnam,https://www.countryflags.io/VN/shiny/64.png,0,2,2,2,2,2,2,2,2,2,5,5,7,7,7,9,9,12,12,13,9,9,9,9,9,9,9,9,9,9,2,2,2,2,0,0,0,0,0,0,0,0,0,0,0,2,14,14,15,22,23,31,37,40,45,50,59,69,75,77,96,106,117,124,133,143,153,163
West Bank and Gaza,None,0,0,0,0,0,0,0,0,0,0,0,0,0,0,0,0,0,0,0,0,0,0,0,0,0,0,0,0,0,0,0,0,0,0,0,0,0,0,0,0,0,0,0,4,7,16,16,19,26,30,30,31,35,38,38,39,41,44,30,31,35,42,42,42,66,73,79,90
Zambia,https://www.countryflags.io/ZM/shiny/64.png,0,0,0,0,0,0,0,0,0,0,0,0,0,0,0,0,0,0,0,0,0,0,0,0,0,0,0,0,0,0,0,0,0,0,0,0,0,0,0,0,0,0,0,0,0,0,0,0,0,0,0,0,0,0,0,0,2,2,2,2,3,3,3,12,16,22,28,29
Zimbabwe,https://www.countryflags.io/ZW/shiny/64.png,0,0,0,0,0,0,0,0,0,0,0,0,0,0,0,0,0,0,0,0,0,0,0,0,0,0,0,0,0,0,0,0,0,0,0,0,0,0,0,0,0,0,0,0,0,0,0,0,0,0,0,0,0,0,0,0,0,0,1,3,3,2,2,2,2,4,6,6
