Country/Region,flag,1/22/20,1/23/20,1/24/20,1/25/20,1/26/20,1/27/20,1/28/20,1/29/20,1/30/20,1/31/20,2/1/20,2/2/20,2/3/20,2/4/20,2/5/20,2/6/20,2/7/20,2/8/20,2/9/20,2/10/20,2/11/20,2/12/20,2/13/20,2/14/20,2/15/20,2/16/20,2/17/20,2/18/20,2/19/20,2/20/20,2/21/20,2/22/20,2/23/20,2/24/20,2/25/20,2/26/20,2/27/20,2/28/20,2/29/20,3/1/20,3/2/20,3/3/20,3/4/20,3/5/20,3/6/20,3/7/20,3/8/20,3/9/20,3/10/20,3/11/20,3/12/20,3/13/20,3/14/20,3/15/20,3/16/20,3/17/20,3/18/20,3/19/20,3/20/20,3/21/20,3/22/20,3/23/20,3/24/20,3/25/20,3/26/20,3/27/20,3/28/20,3/29/20,3/30/20,3/31/20,4/1/20,4/2/20,4/3/20,4/4/20,4/5/20,4/6/20,4/7/20,4/8/20,4/9/20,4/10/20,4/11/20,4/12/20,4/13/20,4/14/20,4/15/20,4/16/20,4/17/20,4/18/20,4/19/20,4/20/20,4/21/20,4/22/20,4/23/20,4/24/20,4/25/20,4/26/20,4/27/20,4/28/20,4/29/20,4/30/20,5/1/20,5/2/20,5/3/20,5/4/20,5/5/20,5/6/20,5/7/20,5/8/20,5/9/20,5/10/20,5/11/20,5/12/20,5/13/20,5/14/20,5/15/20,5/16/20
Afghanistan,https://www.countryflags.io/AF/shiny/64.png,0,0,0,0,0,0,0,0,0,0,0,0,0,0,0,0,0,0,0,0,0,0,0,0,0,0,0,0,0,0,0,0,0,1,1,1,1,1,1,1,1,1,1,1,1,1,4,4,5,7,7,7,11,16,20,21,21,21,23,23,38,38,72,80,88,104,104,114,164,165,228,257,265,282,327,338,391,401,437,474,505,557,612,651,716,756,777,791,832,855,906,970,1058,1120,1228,1274,1426,1542,1627,1847,1957,2066,2274,2407,2708,2830,2989,3197,3416,3724,4007,4226,4446,4812,5155,5489
Albania,https://www.countryflags.io/AL/shiny/64.png,0,0,0,0,0,0,0,0,0,0,0,0,0,0,0,0,0,0,0,0,0,0,0,0,0,0,0,0,0,0,0,0,0,0,0,0,0,0,0,0,0,0,0,0,0,0,0,2,10,11,22,32,37,41,50,54,57,62,68,72,85,98,108,124,151,147,156,169,168,176,177,185,198,214,237,240,230,224,221,211,213,206,212,203,218,215,230,220,222,231,238,251,251,257,282,288,286,289,281,272,263,239,233,229,219,206,206,199,198,187,187,163,161,173,180,188
Algeria,https://www.countryflags.io/DZ/shiny/64.png,0,0,0,0,0,0,0,0,0,0,0,0,0,0,0,0,0,0,0,0,0,0,0,0,0,0,0,0,0,0,0,0,0,0,1,1,1,1,1,1,3,5,12,12,17,17,19,20,20,20,15,16,22,32,38,44,55,46,47,92,119,148,221,216,313,354,394,449,512,626,728,839,1004,1031,1078,1160,1162,1130,1084,1100,1090,1030,1069,1053,1116,1137,1208,1273,1207,1235,1267,1304,1245,1304,1358,1449,1527,1561,1702,1777,1880,1964,2075,2185,2301,2324,2376,2414,2518,2543,2543,2554,2673,2755,2822,2870
Andorra,https://www.countryflags.io/AD/shiny/64.png,0,0,0,0,0,0,0,0,0,0,0,0,0,0,0,0,0,0,0,0,0,0,0,0,0,0,0,0,0,0,0,0,0,0,0,0,0,0,0,0,1,1,1,1,1,1,1,1,1,1,0,1,0,0,1,38,38,52,74,87,111,131,162,186,220,263,304,327,352,354,366,403,407,428,457,473,484,489,500,504,504,481,489,500,471,471,470,464,442,432,398,377,353,347,354,354,318,304,278,235,234,231,210,206,191,184,179,168,161,157,157,142,135,116,108,95
Angola,https://www.countryflags.io/AO/shiny/64.png,0,0,0,0,0,0,0,0,0,0,0,0,0,0,0,0,0,0,0,0,0,0,0,0,0,0,0,0,0,0,0,0,0,0,0,0,0,0,0,0,0,0,0,0,0,0,0,0,0,0,0,0,0,0,0,0,0,0,1,2,2,3,3,3,4,4,5,5,5,4,5,5,5,6,10,12,13,15,15,15,13,13,13,12,12,12,12,16,16,16,16,17,17,17,17,18,19,19,18,18,17,22,22,22,23,23,23,30,28,30,30,30,29,32,29,29
Antigua and Barbuda,https://www.countryflags.io/AG/shiny/64.png,0,0,0,0,0,0,0,0,0,0,0,0,0,0,0,0,0,0,0,0,0,0,0,0,0,0,0,0,0,0,0,0,0,0,0,0,0,0,0,0,0,0,0,0,0,0,0,0,0,0,0,1,1,1,1,1,1,1,1,1,1,3,3,3,7,7,7,7,7,7,7,9,15,15,15,15,18,17,17,17,19,19,21,18,18,17,17,17,17,17,13,11,11,10,10,10,10,10,10,10,7,7,7,7,6,6,6,6,3,3,3,3,3,3,3,3
Argentina,https://www.countryflags.io/AR/shiny/64.png,0,0,0,0,0,0,0,0,0,0,0,0,0,0,0,0,0,0,0,0,0,0,0,0,0,0,0,0,0,0,0,0,0,0,0,0,0,0,0,0,0,1,1,1,2,8,11,11,16,18,18,29,31,42,53,63,74,91,122,151,259,294,329,327,430,504,600,654,569,787,778,841,960,1129,1127,1181,1234,1294,1358,1518,1452,1584,1596,1616,1736,1825,1880,1944,1998,2068,2044,2120,2351,2455,2565,2593,2666,2758,2879,2954,3015,3124,3183,3185,3284,3411,3488,3659,3748,3972,4127,4382,4284,4396,4626,4908
Armenia,https://www.countryflags.io/AM/shiny/64.png,0,0,0,0,0,0,0,0,0,0,0,0,0,0,0,0,0,0,0,0,0,0,0,0,0,0,0,0,0,0,0,0,0,0,0,0,0,0,0,1,1,1,1,1,1,1,1,1,1,1,4,8,18,26,52,77,83,114,135,159,192,233,235,249,271,300,376,391,449,499,536,623,686,720,758,763,758,758,773,776,781,803,814,786,797,783,780,705,726,737,768,816,840,841,846,885,931,971,1002,1105,1138,1230,1316,1397,1468,1607,1657,1768,1864,1943,1987,2061,2170,2239,2326,2437
Australia,https://www.countryflags.io/AU/shiny/64.png,0,0,0,0,4,5,5,6,7,7,10,10,10,11,11,12,13,13,13,13,13,13,7,7,7,7,5,5,5,5,4,4,4,4,4,4,4,4,14,15,18,27,39,32,37,40,52,67,83,104,104,174,224,271,351,424,539,649,758,1038,1454,1587,1921,2237,2625,2936,3382,3724,4087,4183,4420,4572,4653,4819,4895,4677,4770,4880,4585,4368,4440,4449,4484,4167,4191,4044,2648,2377,2419,2265,1883,1653,1540,1462,1238,1090,1050,990,946,931,910,891,878,864,803,766,738,699,701,684,660,612,594,587,578,582
Austria,https://www.countryflags.io/AT/shiny/64.png,0,0,0,0,0,0,0,0,0,0,0,0,0,0,0,0,0,0,0,0,0,0,0,0,0,0,0,0,0,0,0,0,0,0,2,2,3,3,9,14,18,21,29,41,55,79,104,129,178,242,297,497,648,853,1009,1328,1633,1998,2373,2797,3557,4444,5246,5549,6748,7374,7978,8223,8874,8957,9129,9222,9334,9088,8849,8614,8350,8157,7709,7172,6865,6608,6330,6209,5845,5080,4460,4014,3796,3694,3411,3087,2786,2669,2509,2401,2363,2208,2043,1961,1832,1782,1771,1705,1582,1437,1445,1324,1290,1262,1201,1190,1069,1027,1010,1048
Azerbaijan,https://www.countryflags.io/AZ/shiny/64.png,0,0,0,0,0,0,0,0,0,0,0,0,0,0,0,0,0,0,0,0,0,0,0,0,0,0,0,0,0,0,0,0,0,0,0,0,0,0,0,3,3,3,3,6,6,9,9,9,11,8,8,11,11,16,21,21,21,37,37,41,54,61,76,81,104,147,163,190,243,267,328,369,406,484,545,590,665,751,816,822,847,837,847,833,836,808,797,765,667,626,595,591,580,558,516,485,494,474,476,455,464,458,466,478,526,563,625,675,771,837,877,980,934,1011,1058,1158
Bahamas,https://www.countryflags.io/BS/shiny/64.png,0,0,0,0,0,0,0,0,0,0,0,0,0,0,0,0,0,0,0,0,0,0,0,0,0,0,0,0,0,0,0,0,0,0,0,0,0,0,0,0,0,0,0,0,0,0,0,0,0,0,0,0,0,0,1,1,1,3,3,4,4,4,4,4,8,9,9,10,13,13,19,22,22,24,24,20,22,28,28,29,33,33,33,35,35,39,39,36,36,40,44,44,47,47,52,47,47,46,46,45,46,48,48,47,52,55,55,50,44,44,43,43,42,44,44,43
Bahrain,https://www.countryflags.io/BH/shiny/64.png,0,0,0,0,0,0,0,0,0,0,0,0,0,0,0,0,0,0,0,0,0,0,0,0,0,0,0,0,0,0,0,0,0,1,23,33,33,36,41,47,49,49,52,55,56,81,81,81,88,160,160,151,166,154,136,146,167,177,184,179,183,226,212,238,250,235,207,223,232,268,228,258,286,261,265,294,348,341,363,380,479,572,764,876,1001,990,1008,1011,1115,1131,1182,994,1127,1397,1420,1450,1497,1493,1458,1532,1607,1708,1657,1781,1950,2066,2191,2408,2711,2863,3076,3330,3601,3835,3931,3973
Bangladesh,https://www.countryflags.io/BD/shiny/64.png,0,0,0,0,0,0,0,0,0,0,0,0,0,0,0,0,0,0,0,0,0,0,0,0,0,0,0,0,0,0,0,0,0,0,0,0,0,0,0,0,0,0,0,0,0,0,3,3,3,3,3,3,3,5,6,7,10,13,16,20,22,27,30,27,28,32,28,28,25,21,23,25,29,32,46,78,114,165,276,364,416,548,722,924,1132,1463,1705,1994,2290,2762,3185,3560,3951,4446,4745,5149,5630,6168,6790,7339,7894,8438,8215,8752,9343,10130,10316,10827,11142,11779,12550,13263,14192,15219,15885,16564
Barbados,https://www.countryflags.io/BB/shiny/64.png,0,0,0,0,0,0,0,0,0,0,0,0,0,0,0,0,0,0,0,0,0,0,0,0,0,0,0,0,0,0,0,0,0,0,0,0,0,0,0,0,0,0,0,0,0,0,0,0,0,0,0,0,0,0,0,2,2,5,5,6,14,17,18,18,18,24,26,33,33,34,34,46,51,52,49,52,54,52,52,52,53,56,55,55,53,55,55,53,53,51,45,45,40,40,42,34,35,35,34,35,35,30,31,29,28,28,22,23,20,20,20,21,13,13,13,12
Belarus,https://www.countryflags.io/BY/shiny/64.png,0,0,0,0,0,0,0,0,0,0,0,0,0,0,0,0,0,0,0,0,0,0,0,0,0,0,0,0,0,0,0,0,0,0,0,0,0,1,1,1,1,1,6,6,6,6,6,5,6,6,9,24,24,24,33,33,46,46,64,61,61,66,59,57,57,62,62,62,120,104,108,247,294,382,502,634,794,976,1331,1793,2031,2349,2687,3045,3489,3961,4395,4392,4238,5699,6091,6454,7024,7590,7950,8696,9474,10136,11025,11552,11906,12614,13410,14127,14472,14755,14985,15496,15876,16436,17240,17757,17968,18453,18767,19023
Belgium,https://www.countryflags.io/BE/shiny/64.png,0,0,0,0,0,0,0,0,0,0,0,0,0,1,1,1,1,1,1,1,1,1,1,1,1,1,0,0,0,0,0,0,0,0,0,0,0,0,0,1,7,12,22,49,108,168,199,238,266,310,310,555,684,881,1052,1232,1441,1743,2219,2485,3063,3392,3686,4212,5340,6137,7718,9046,9859,10374,11004,11842,12755,13901,14493,15196,16002,16482,17296,18080,18686,19584,19979,20094,22026,22390,23014,23382,24056,25260,25956,26194,26507,27492,27991,28255,28602,29060,29075,29349,29437,29541,29753,29965,30052,29711,30025,30289,30604,30783,31045,31286,31201,31274,31384,31524
Belize,https://www.countryflags.io/BZ/shiny/64.png,0,0,0,0,0,0,0,0,0,0,0,0,0,0,0,0,0,0,0,0,0,0,0,0,0,0,0,0,0,0,0,0,0,0,0,0,0,0,0,0,0,0,0,0,0,0,0,0,0,0,0,0,0,0,0,0,0,0,0,0,0,1,1,2,2,2,2,2,3,3,3,3,4,4,5,6,6,7,8,8,11,12,16,16,16,16,16,16,14,14,14,14,11,11,11,11,10,7,7,7,3,3,3,2,0,0,0,0,0,0,0,0,0,0,0,0
Benin,https://www.countryflags.io/BJ/shiny/64.png,0,0,0,0,0,0,0,0,0,0,0,0,0,0,0,0,0,0,0,0,0,0,0,0,0,0,0,0,0,0,0,0,0,0,0,0,0,0,0,0,0,0,0,0,0,0,0,0,0,0,0,0,0,0,1,1,2,2,2,2,2,5,6,6,6,6,6,6,6,8,12,12,14,14,17,20,20,20,20,29,29,29,29,16,16,16,16,16,16,26,26,26,26,26,26,30,30,30,30,30,46,46,46,44,44,44,85,178,220,255,255,249,242,254,254,254
Bhutan,https://www.countryflags.io/BT/shiny/64.png,0,0,0,0,0,0,0,0,0,0,0,0,0,0,0,0,0,0,0,0,0,0,0,0,0,0,0,0,0,0,0,0,0,0,0,0,0,0,0,0,0,0,0,0,1,1,1,1,1,1,1,1,1,1,1,1,1,1,2,2,2,2,2,2,2,3,3,4,4,4,4,4,3,3,3,3,3,3,3,3,3,3,3,3,3,3,3,3,3,3,4,4,4,4,4,3,3,2,2,2,2,2,2,2,2,2,2,2,2,2,4,6,10,15,16,16
Bolivia,https://www.countryflags.io/BO/shiny/64.png,0,0,0,0,0,0,0,0,0,0,0,0,0,0,0,0,0,0,0,0,0,0,0,0,0,0,0,0,0,0,0,0,0,0,0,0,0,0,0,0,0,0,0,0,0,0,0,0,0,2,2,3,10,10,11,11,12,12,15,19,24,27,29,32,43,61,74,80,93,101,107,114,122,128,145,170,178,193,244,247,253,274,301,320,362,398,408,431,457,500,527,528,616,709,766,820,863,888,934,973,1029,1240,1352,1425,1529,1597,1760,1923,2065,2165,2410,2523,2667,2864,2979,3188
Bosnia and Herzegovina,https://www.countryflags.io/BA/shiny/64.png,0,0,0,0,0,0,0,0,0,0,0,0,0,0,0,0,0,0,0,0,0,0,0,0,0,0,0,0,0,0,0,0,0,0,0,0,0,0,0,0,0,0,0,2,2,3,3,3,5,7,11,13,18,24,25,24,36,61,87,90,123,133,161,171,186,228,248,309,341,390,427,497,535,573,601,598,663,691,722,736,770,777,792,807,816,847,848,883,890,879,854,855,874,828,837,833,846,840,902,961,956,988,955,993,956,973,983,1012,929,904,914,873,833,824,772,783
Botswana,https://www.countryflags.io/BW/shiny/64.png,0,0,0,0,0,0,0,0,0,0,0,0,0,0,0,0,0,0,0,0,0,0,0,0,0,0,0,0,0,0,0,0,0,0,0,0,0,0,0,0,0,0,0,0,0,0,0,0,0,0,0,0,0,0,0,0,0,0,0,0,0,0,0,0,0,0,0,0,3,3,3,3,3,3,5,5,5,5,12,12,12,12,12,12,12,14,14,14,19,19,19,21,21,21,21,21,21,22,17,17,14,14,14,14,14,14,13,13,10,10,11,6,6,6,6,6
Brazil,https://www.countryflags.io/BR/shiny/64.png,0,0,0,0,0,0,0,0,0,0,0,0,0,0,0,0,0,0,0,0,0,0,0,0,0,0,0,0,0,0,0,0,0,0,0,1,1,1,2,2,2,2,4,4,13,13,20,25,31,38,52,151,151,162,199,318,367,613,780,1004,1519,1888,2199,2493,2902,3319,3787,4114,4300,5389,6469,7593,8570,9788,10517,11470,13221,15224,16969,18408,19430,20796,21929,20684,12558,14475,17515,20278,14062,16026,17347,17533,20132,22684,26107,28662,31701,35608,40040,45246,47751,49402,51784,55438,59296,66653,71233,77580,83720,86619,90557,93156,98473,109687,120359,128177
Brunei,https://www.countryflags.io/BN/shiny/64.png,0,0,0,0,0,0,0,0,0,0,0,0,0,0,0,0,0,0,0,0,0,0,0,0,0,0,0,0,0,0,0,0,0,0,0,0,0,0,0,0,0,0,0,0,0,0,0,1,1,11,11,37,40,50,54,56,68,75,77,81,86,89,102,107,109,104,94,91,88,83,78,76,68,68,61,52,49,43,42,36,31,29,28,28,27,27,23,23,22,21,21,20,18,17,16,14,13,13,13,13,13,11,9,7,6,7,9,8,8,6,6,6,6,6,5,4
Bulgaria,https://www.countryflags.io/BG/shiny/64.png,0,0,0,0,0,0,0,0,0,0,0,0,0,0,0,0,0,0,0,0,0,0,0,0,0,0,0,0,0,0,0,0,0,0,0,0,0,0,0,0,0,0,0,0,0,0,4,4,4,6,6,22,39,49,50,65,90,91,124,157,181,195,212,235,253,281,313,324,334,374,392,422,441,452,474,488,512,527,546,556,571,578,582,597,606,640,664,684,691,719,760,801,855,983,995,1039,1099,1119,1140,1174,1211,1235,1237,1253,1282,1334,1361,1385,1409,1430,1436,1452,1474,1470,1491,1497
Burkina Faso,https://www.countryflags.io/BF/shiny/64.png,0,0,0,0,0,0,0,0,0,0,0,0,0,0,0,0,0,0,0,0,0,0,0,0,0,0,0,0,0,0,0,0,0,0,0,0,0,0,0,0,0,0,0,0,0,0,0,0,1,2,2,2,2,3,15,15,19,32,39,57,66,90,103,132,135,159,175,187,203,215,220,222,236,236,238,238,238,257,273,273,302,309,309,321,284,257,228,208,202,186,200,181,165,163,146,137,124,120,100,96,88,73,77,81,92,126,126,130,131,125,126,127,130,130,134,127
Burma,None,0,0,0,0,0,0,0,0,0,0,0,0,0,0,0,0,0,0,0,0,0,0,0,0,0,0,0,0,0,0,0,0,0,0,0,0,0,0,0,0,0,0,0,0,0,0,0,0,0,0,0,0,0,0,0,0,0,0,0,0,0,0,0,0,0,8,8,10,14,14,14,19,19,20,20,21,21,19,18,22,33,35,56,57,68,79,79,88,99,107,109,111,125,130,131,131,125,129,117,118,114,108,106,106,106,105,108,104,104,102,100,98,96,91,87,80
Burundi,https://www.countryflags.io/BI/shiny/64.png,0,0,0,0,0,0,0,0,0,0,0,0,0,0,0,0,0,0,0,0,0,0,0,0,0,0,0,0,0,0,0,0,0,0,0,0,0,0,0,0,0,0,0,0,0,0,0,0,0,0,0,0,0,0,0,0,0,0,0,0,0,0,0,0,0,0,0,0,0,2,2,3,3,3,3,3,3,3,3,3,5,5,4,4,4,4,4,4,4,0,0,6,6,6,6,6,6,6,6,6,6,7,7,7,7,7,7,7,7,7,7,7,7,7,7,7
Cabo Verde,None,0,0,0,0,0,0,0,0,0,0,0,0,0,0,0,0,0,0,0,0,0,0,0,0,0,0,0,0,0,0,0,0,0,0,0,0,0,0,0,0,0,0,0,0,0,0,0,0,0,0,0,0,0,0,0,0,0,0,1,3,3,3,2,3,3,4,4,5,5,5,5,5,5,6,6,5,5,5,5,5,6,6,8,9,54,54,54,56,59,65,66,71,80,86,88,104,107,111,111,116,103,132,130,136,147,151,178,184,178,188,200,207,226,246,257,241
Cambodia,https://www.countryflags.io/KH/shiny/64.png,0,0,0,0,0,1,1,1,1,1,1,1,1,1,1,1,1,1,1,1,1,0,0,0,0,0,0,0,0,0,0,0,0,0,0,0,0,0,0,0,0,0,0,0,0,0,1,1,1,2,2,4,6,6,6,32,34,36,50,52,83,86,87,86,86,88,86,82,86,86,84,76,79,64,64,61,57,54,57,47,45,45,45,31,26,24,24,19,17,15,12,12,12,5,5,5,3,3,3,3,2,2,2,2,2,2,2,2,2,2,1,1,1,1,0,0
Cameroon,https://www.countryflags.io/CM/shiny/64.png,0,0,0,0,0,0,0,0,0,0,0,0,0,0,0,0,0,0,0,0,0,0,0,0,0,0,0,0,0,0,0,0,0,0,0,0,0,0,0,0,0,0,0,0,1,1,2,2,2,2,2,2,2,2,4,10,10,13,20,27,40,56,66,72,72,87,87,128,128,182,217,289,484,529,624,632,606,660,660,710,710,710,710,704,666,810,810,818,670,816,791,723,623,719,768,779,842,732,837,837,837,1060,1060,1087,1087,1157,1157,1157,934,1000,1040,1040,1121,1262,1398,1398
Canada,https://www.countryflags.io/CA/shiny/64.png,0,0,0,0,1,1,2,2,2,4,4,4,4,4,5,5,7,7,7,7,7,6,6,6,6,6,7,7,7,7,6,6,6,7,8,8,7,8,14,18,21,24,27,31,43,46,56,68,70,99,108,184,189,243,402,464,640,782,922,1248,1438,2053,2654,3038,3820,4372,5049,5750,6852,6834,8127,9410,10083,10183,12485,12968,13706,14580,14989,15647,16073,16462,17141,17924,18235,19852,20913,21991,22221,23388,24304,25131,26297,27368,27787,28463,28507,28936,29383,29723,30042,30428,31788,31924,32019,32144,32400,32738,32833,32991,33142,33064,32966,33085,33372,33574
Central African Republic,https://www.countryflags.io/CF/shiny/64.png,0,0,0,0,0,0,0,0,0,0,0,0,0,0,0,0,0,0,0,0,0,0,0,0,0,0,0,0,0,0,0,0,0,0,0,0,0,0,0,0,0,0,0,0,0,0,0,0,0,0,0,0,0,1,1,1,1,1,3,3,3,3,3,3,3,3,3,3,3,3,3,3,8,8,8,8,8,8,8,8,8,8,8,7,8,8,8,8,8,8,4,4,6,6,6,9,9,40,40,40,62,62,62,75,75,84,84,133,133,133,133,133,133,133,288,314
Chad,https://www.countryflags.io/TD/shiny/64.png,0,0,0,0,0,0,0,0,0,0,0,0,0,0,0,0,0,0,0,0,0,0,0,0,0,0,0,0,0,0,0,0,0,0,0,0,0,0,0,0,0,0,0,0,0,0,0,0,0,0,0,0,0,0,0,0,0,1,1,1,1,1,3,3,3,3,3,3,5,7,7,8,8,9,9,9,8,8,9,9,9,16,21,21,21,22,22,25,25,25,25,25,25,32,31,31,31,31,31,35,35,68,68,68,110,110,176,182,238,238,238,241,252,270,292,313
Chile,https://www.countryflags.io/CL/shiny/64.png,0,0,0,0,0,0,0,0,0,0,0,0,0,0,0,0,0,0,0,0,0,0,0,0,0,0,0,0,0,0,0,0,0,0,0,0,0,0,0,0,0,1,1,4,4,4,8,8,13,23,23,43,61,74,155,201,238,238,428,531,623,736,903,1117,1280,1562,1842,2057,2285,2570,2781,3051,3288,3606,3819,4050,4175,4383,4641,4865,4990,5074,5076,5179,5242,5403,5515,5569,5617,5692,5716,5750,5840,5805,5931,6118,6288,6448,6612,7216,7756,8616,9362,9958,11031,11578,12632,13518,14248,15442,16135,17261,19170,21017,22534,22993
China,https://www.countryflags.io/CN/shiny/64.png,503,595,858,1325,1970,2737,5277,5834,7835,9375,11357,15806,18677,22373,25762,28477,31393,33413,35705,37424,38638,38560,52309,56860,57452,57992,58108,58002,56541,54825,54608,51859,51390,49631,47413,45365,42924,39809,37199,34898,32368,29864,27402,25230,23702,22159,20335,18933,17567,16116,14859,13569,12124,10783,9906,9030,8106,7372,6731,6189,5799,5410,5030,4603,4310,3881,3600,3236,2967,2764,2640,2545,2425,2267,2062,2020,1973,1905,1865,1810,1794,1835,1829,1761,1699,1656,1572,1537,1479,1436,1418,1371,1265,1154,1098,998,907,881,833,796,749,736,643,537,461,404,361,346,226,206,176,159,141,131,120,113
Colombia,https://www.countryflags.io/CO/shiny/64.png,0,0,0,0,0,0,0,0,0,0,0,0,0,0,0,0,0,0,0,0,0,0,0,0,0,0,0,0,0,0,0,0,0,0,0,0,0,0,0,0,0,0,0,0,1,1,1,1,3,9,9,13,22,34,54,64,92,101,127,195,226,271,369,458,477,523,592,682,771,859,1009,1087,1187,1289,1362,1445,1630,1877,1980,2196,2395,2397,2421,2498,2522,2539,2652,2652,2902,2984,3149,3280,3419,3653,3842,4002,4134,4412,4518,4775,5141,5295,5606,5808,6222,6414,6749,7199,7481,7895,8309,8808,9288,9727,10210,10790
Comoros,https://www.countryflags.io/KM/shiny/64.png,0,0,0,0,0,0,0,0,0,0,0,0,0,0,0,0,0,0,0,0,0,0,0,0,0,0,0,0,0,0,0,0,0,0,0,0,0,0,0,0,0,0,0,0,0,0,0,0,0,0,0,0,0,0,0,0,0,0,0,0,0,0,0,0,0,0,0,0,0,0,0,0,0,0,0,0,0,0,0,0,0,0,0,0,0,0,0,0,0,0,0,0,0,0,0,0,0,0,0,1,1,3,3,3,3,7,7,7,10,10,10,10,10,7,7,7
Congo (Brazzaville),None,0,0,0,0,0,0,0,0,0,0,0,0,0,0,0,0,0,0,0,0,0,0,0,0,0,0,0,0,0,0,0,0,0,0,0,0,0,0,0,0,0,0,0,0,0,0,0,0,0,0,0,0,0,1,1,1,1,3,3,3,3,4,4,4,4,4,4,19,19,19,19,18,18,18,38,38,38,38,50,50,50,50,50,50,101,101,126,126,126,138,143,164,164,175,175,175,175,180,180,192,195,195,195,200,200,224,224,231,231,231,269,269,269,289,289,289
Congo (Kinshasa),None,0,0,0,0,0,0,0,0,0,0,0,0,0,0,0,0,0,0,0,0,0,0,0,0,0,0,0,0,0,0,0,0,0,0,0,0,0,0,0,0,0,0,0,0,0,0,0,0,0,1,1,2,2,2,2,3,4,14,18,22,29,35,43,46,48,46,57,57,71,88,97,118,118,133,133,138,153,153,153,182,187,198,198,201,212,222,239,256,276,280,290,289,305,321,339,364,381,385,402,468,497,566,566,568,581,670,724,768,768,814,842,912,971,1035,1036,1124
Costa Rica,https://www.countryflags.io/CR/shiny/64.png,0,0,0,0,0,0,0,0,0,0,0,0,0,0,0,0,0,0,0,0,0,0,0,0,0,0,0,0,0,0,0,0,0,0,0,0,0,0,0,0,0,0,0,0,1,1,5,9,9,13,22,23,26,27,35,41,50,68,88,113,130,154,173,197,227,258,290,309,324,341,369,388,403,420,436,447,457,470,506,513,525,536,547,549,555,564,557,554,543,532,513,495,484,465,445,425,404,393,384,375,364,355,347,337,336,327,314,306,294,284,277,277,280,287,292,292
Cote d'Ivoire,None,0,0,0,0,0,0,0,0,0,0,0,0,0,0,0,0,0,0,0,0,0,0,0,0,0,0,0,0,0,0,0,0,0,0,0,0,0,0,0,0,0,0,0,0,0,0,0,0,0,1,1,1,1,1,1,4,5,8,8,13,13,24,71,77,93,98,98,160,161,171,180,178,198,219,221,279,305,333,389,389,471,484,531,518,518,502,489,554,578,578,600,628,631,644,644,668,651,644,667,687,721,725,728,722,745,777,809,828,877,885,891,1016,986,1017,1051,1049
Croatia,https://www.countryflags.io/HR/shiny/64.png,0,0,0,0,0,0,0,0,0,0,0,0,0,0,0,0,0,0,0,0,0,0,0,0,0,0,0,0,0,0,0,0,0,0,1,3,3,5,6,7,7,9,10,10,11,12,12,12,14,19,19,31,37,48,55,61,77,99,122,200,248,309,376,419,470,546,607,655,717,794,884,916,979,995,1042,1076,1097,1145,1168,1243,1190,1204,1225,1258,1235,1227,1178,1178,1115,1063,1059,1033,1048,976,928,872,814,752,707,659,589,548,528,499,469,433,398,386,363,333,321,308,285,277,258,216
Cuba,https://www.countryflags.io/CU/shiny/64.png,0,0,0,0,0,0,0,0,0,0,0,0,0,0,0,0,0,0,0,0,0,0,0,0,0,0,0,0,0,0,0,0,0,0,0,0,0,0,0,0,0,0,0,0,0,0,0,0,0,0,3,4,4,4,4,5,6,10,15,20,34,39,46,55,64,74,112,132,162,172,194,214,248,267,297,323,358,418,472,498,527,559,584,613,639,664,700,727,746,766,790,808,827,820,849,814,808,804,792,759,759,780,755,723,662,633,625,589,540,496,477,449,405,368,336,323
Cyprus,https://www.countryflags.io/CY/shiny/64.png,0,0,0,0,0,0,0,0,0,0,0,0,0,0,0,0,0,0,0,0,0,0,0,0,0,0,0,0,0,0,0,0,0,0,0,0,0,0,0,0,0,0,0,0,0,0,0,2,3,6,6,14,26,26,33,46,49,67,67,84,91,112,118,126,139,142,159,194,201,231,283,318,357,382,400,411,438,465,501,527,545,557,585,618,638,646,661,670,674,679,674,679,684,692,648,655,659,674,680,539,546,553,561,563,567,572,474,476,476,481,484,438,439,409,412,382
Czechia,None,0,0,0,0,0,0,0,0,0,0,0,0,0,0,0,0,0,0,0,0,0,0,0,0,0,0,0,0,0,0,0,0,0,0,0,0,0,0,0,3,3,5,8,12,18,19,31,31,41,91,94,141,189,253,295,393,461,691,829,989,1113,1229,1381,1638,1906,2259,2609,2790,2953,3232,3408,3747,3966,4335,4424,4623,4757,4980,5156,5267,5291,5389,5397,5308,5231,5292,5202,5198,5262,5147,5079,4935,4825,4688,4681,4639,4396,4329,4244,4132,4125,4049,3946,3760,3633,3507,3390,3391,3372,3369,3183,3049,2932,2817,2730,2737
Denmark,https://www.countryflags.io/DK/shiny/64.png,0,0,0,0,0,0,0,0,0,0,0,0,0,0,0,0,0,0,0,0,0,0,0,0,0,0,0,0,0,0,0,0,0,0,0,0,1,1,3,4,4,6,11,11,23,23,36,91,263,443,616,803,834,872,929,1020,1111,1218,1327,1406,1500,1547,1650,1787,1932,2091,2244,2419,2605,2872,2215,2278,2520,2729,2953,3199,3442,3616,3710,3838,3820,3805,3825,3718,3642,3550,3361,3060,2897,2848,2632,2448,2304,2290,2367,2357,2321,2302,2205,2163,2125,2046,2054,2091,2024,1941,1860,1769,1700,1683,1652,1484,1471,1371,1295,1208
Diamond Princess,None,0,0,0,0,0,0,0,0,0,0,0,0,0,0,0,0,61,61,64,135,135,175,175,218,285,355,454,542,620,631,631,631,688,688,688,691,691,689,689,689,689,690,690,690,660,660,660,660,660,374,374,374,374,374,374,374,380,380,380,379,379,379,377,115,105,105,105,99,99,99,98,82,82,82,82,82,82,82,82,82,82,82,82,61,61,56,55,55,55,55,55,55,54,54,54,54,54,54,54,54,54,54,54,54,54,54,54,54,54,48,48,48,48,48,48,48
Djibouti,https://www.countryflags.io/DJ/shiny/64.png,0,0,0,0,0,0,0,0,0,0,0,0,0,0,0,0,0,0,0,0,0,0,0,0,0,0,0,0,0,0,0,0,0,0,0,0,0,0,0,0,0,0,0,0,0,0,0,0,0,0,0,0,0,0,0,0,1,1,1,1,1,3,3,11,11,12,14,18,18,30,33,40,41,42,50,81,81,110,110,113,149,176,255,308,362,516,654,654,742,742,831,789,732,667,633,610,556,572,476,445,423,424,424,401,373,366,331,308,352,360,352,367,365,376,370,377
Dominica,https://www.countryflags.io/DM/shiny/64.png,0,0,0,0,0,0,0,0,0,0,0,0,0,0,0,0,0,0,0,0,0,0,0,0,0,0,0,0,0,0,0,0,0,0,0,0,0,0,0,0,0,0,0,0,0,0,0,0,0,0,0,0,0,0,0,0,0,0,0,0,1,2,2,7,11,11,11,11,11,12,12,12,12,14,14,14,14,14,14,11,11,8,8,8,8,8,8,8,8,8,8,7,7,6,3,3,3,3,3,3,3,3,3,3,2,2,2,2,2,1,1,1,1,1,1,1
Dominican Republic,https://www.countryflags.io/DO/shiny/64.png,0,0,0,0,0,0,0,0,0,0,0,0,0,0,0,0,0,0,0,0,0,0,0,0,0,0,0,0,0,0,0,0,0,0,0,0,0,0,0,1,1,1,1,1,2,2,5,5,5,5,5,5,11,11,11,20,20,32,70,110,199,242,303,379,475,558,688,817,855,1053,1218,1304,1404,1404,1646,1709,1822,1953,2151,2396,2516,2663,2838,2941,3217,3344,3658,3806,4091,4313,4336,4459,4697,4719,4831,4947,5018,4965,5131,5370,5588,5771,6015,6118,6221,6485,6658,6710,6913,7196,7371,7277,7566,7547,7758,7956
Ecuador,https://www.countryflags.io/EC/shiny/64.png,0,0,0,0,0,0,0,0,0,0,0,0,0,0,0,0,0,0,0,0,0,0,0,0,0,0,0,0,0,0,0,0,0,0,0,0,0,0,0,6,6,7,10,13,13,13,14,15,15,17,17,17,26,26,35,56,109,196,362,496,772,960,1052,1142,1366,1556,1772,1863,1899,2111,2597,2978,3158,3193,3366,3456,3456,4068,4354,6496,6531,6632,6577,6538,6690,6984,7191,7558,7933,8471,8671,9051,9295,20777,20777,20777,21020,21830,22235,22476,23360,23961,24674,26879,26879,26830,25211,23681,23921,23999,23931,24659,24719,24731,25440,26642
Egypt,https://www.countryflags.io/EG/shiny/64.png,0,0,0,0,0,0,0,0,0,0,0,0,0,0,0,0,0,0,0,0,0,0,0,1,1,1,1,1,1,1,1,1,1,1,1,1,1,0,0,1,1,1,1,2,14,14,47,53,57,32,39,51,80,87,121,160,158,218,238,243,257,291,302,340,369,390,419,437,465,507,548,606,703,758,848,978,1080,1152,1233,1275,1367,1317,1437,1583,1733,1881,1993,2107,2173,2262,2356,2448,2600,2723,2898,3041,3209,3379,3553,3764,4029,4256,4474,4745,5019,5304,5612,6028,6448,6800,7041,7223,7389,7632,7837,8157
El Salvador,https://www.countryflags.io/SV/shiny/64.png,0,0,0,0,0,0,0,0,0,0,0,0,0,0,0,0,0,0,0,0,0,0,0,0,0,0,0,0,0,0,0,0,0,0,0,0,0,0,0,0,0,0,0,0,0,0,0,0,0,0,0,0,0,0,0,0,0,1,1,3,3,3,5,9,13,13,19,24,30,31,31,39,44,51,57,60,69,79,83,96,93,98,109,118,123,125,132,140,150,165,170,167,175,191,191,207,226,240,262,266,290,294,325,362,368,399,428,469,491,579,615,629,643,684,768,798
Equatorial Guinea,https://www.countryflags.io/GQ/shiny/64.png,0,0,0,0,0,0,0,0,0,0,0,0,0,0,0,0,0,0,0,0,0,0,0,0,0,0,0,0,0,0,0,0,0,0,0,0,0,0,0,0,0,0,0,0,0,0,0,0,0,0,0,0,0,1,1,1,4,6,6,6,6,9,9,9,12,12,12,12,12,11,14,14,15,15,15,13,13,15,15,15,15,18,17,37,47,47,75,75,75,72,76,76,76,206,250,249,248,305,305,305,305,305,305,299,299,422,422,422,422,422,422,422,503,563,565,565
Eritrea,https://www.countryflags.io/ER/shiny/64.png,0,0,0,0,0,0,0,0,0,0,0,0,0,0,0,0,0,0,0,0,0,0,0,0,0,0,0,0,0,0,0,0,0,0,0,0,0,0,0,0,0,0,0,0,0,0,0,0,0,0,0,0,0,0,0,0,0,0,0,1,1,1,1,4,6,6,6,12,12,15,15,22,22,29,29,31,31,33,33,34,34,34,34,34,35,35,35,36,36,36,33,33,33,28,26,26,26,20,20,13,13,13,13,13,9,9,9,2,2,2,1,1,1,1,0,0
Estonia,https://www.countryflags.io/EE/shiny/64.png,0,0,0,0,0,0,0,0,0,0,0,0,0,0,0,0,0,0,0,0,0,0,0,0,0,0,0,0,0,0,0,0,0,0,0,0,1,1,1,1,1,2,2,3,10,10,10,10,12,16,16,79,115,170,204,224,257,266,282,305,324,350,362,395,529,563,624,656,692,715,741,802,901,967,1020,1027,1059,1089,1100,1141,1187,1186,1202,1227,1248,1265,1276,1312,1324,1330,1340,1331,1355,1353,1361,1361,1364,1370,1380,1388,1389,1390,1386,1389,1395,1394,1391,965,926,929,929,908,913,787,780,773
Eswatini,None,0,0,0,0,0,0,0,0,0,0,0,0,0,0,0,0,0,0,0,0,0,0,0,0,0,0,0,0,0,0,0,0,0,0,0,0,0,0,0,0,0,0,0,0,0,0,0,0,0,0,0,0,1,1,1,1,1,1,1,1,4,4,4,4,6,9,9,9,9,9,9,9,9,9,9,6,6,5,5,5,5,7,8,7,7,7,7,13,13,15,22,22,22,25,45,48,54,60,80,87,93,95,99,103,106,109,139,145,147,143,145,154,137,134,122,128
Ethiopia,https://www.countryflags.io/ET/shiny/64.png,0,0,0,0,0,0,0,0,0,0,0,0,0,0,0,0,0,0,0,0,0,0,0,0,0,0,0,0,0,0,0,0,0,0,0,0,0,0,0,0,0,0,0,0,0,0,0,0,0,0,0,1,1,1,5,5,6,6,9,9,7,7,12,12,12,16,15,20,19,24,27,26,32,34,37,38,46,49,50,58,56,58,57,65,67,74,78,86,89,92,95,92,92,89,90,79,71,73,69,69,64,61,57,62,50,65,94,95,108,135,140,150,150,159,170,188
Fiji,https://www.countryflags.io/FJ/shiny/64.png,0,0,0,0,0,0,0,0,0,0,0,0,0,0,0,0,0,0,0,0,0,0,0,0,0,0,0,0,0,0,0,0,0,0,0,0,0,0,0,0,0,0,0,0,0,0,0,0,0,0,0,0,0,0,0,0,0,1,1,1,2,3,4,5,5,5,5,5,5,5,5,7,7,12,12,14,15,15,15,16,16,16,16,16,16,17,17,17,17,15,15,10,10,8,8,6,6,6,6,6,6,4,4,4,4,4,4,4,4,4,4,4,4,4,3,3
Finland,https://www.countryflags.io/FI/shiny/64.png,0,0,0,0,0,0,0,1,1,1,1,1,1,1,1,1,1,1,1,1,1,0,0,0,0,0,0,0,0,0,0,0,0,0,0,1,1,1,2,5,5,5,5,11,14,14,22,29,39,58,58,154,224,234,267,311,326,390,440,512,615,689,781,867,943,1024,1148,1219,1329,1391,1419,1199,1295,1557,1599,1849,1974,2147,2263,2421,2556,2618,2705,2797,2865,1594,1707,1891,1989,1770,1873,1980,2112,1718,1789,1886,2002,1741,1900,1784,1833,1956,2024,1587,1666,1821,1918,1478,1615,1695,1713,1428,1470,1558,935,989
France,https://www.countryflags.io/FR/shiny/64.png,0,0,2,3,3,3,4,5,5,5,6,6,6,6,6,6,6,11,11,11,11,9,9,9,7,7,7,7,7,7,7,7,7,7,2,5,25,44,86,116,176,188,272,362,635,936,1105,1188,1749,2233,2233,3590,4393,4429,6522,7554,8963,10714,12295,13888,13361,17055,18270,20360,22898,25698,30064,30871,34176,39782,42282,41983,44547,46354,46970,48989,49297,50718,51725,53328,54349,79831,82407,85829,85461,95341,94981,92778,96713,97717,98189,93981,94357,94211,94433,94458,97154,98504,94225,93444,92496,93092,93140,92903,92308,94333,93737,94077,94321,94384,94066,93457,92321,91847,91536,91536
Gabon,https://www.countryflags.io/GA/shiny/64.png,0,0,0,0,0,0,0,0,0,0,0,0,0,0,0,0,0,0,0,0,0,0,0,0,0,0,0,0,0,0,0,0,0,0,0,0,0,0,0,0,0,0,0,0,0,0,0,0,0,0,0,0,1,1,1,1,1,1,2,3,4,4,5,5,6,6,6,6,6,15,17,20,19,19,19,22,28,32,42,42,44,47,55,55,75,75,100,100,101,112,139,141,141,143,143,143,165,182,206,206,206,245,245,268,298,298,386,502,543,543,666,717,843,912,980,1065
Gambia,https://www.countryflags.io/GM/shiny/64.png,0,0,0,0,0,0,0,0,0,0,0,0,0,0,0,0,0,0,0,0,0,0,0,0,0,0,0,0,0,0,0,0,0,0,0,0,0,0,0,0,0,0,0,0,0,0,0,0,0,0,0,0,0,0,0,1,1,1,1,1,1,1,2,2,2,2,2,3,3,3,1,1,1,1,1,1,1,1,1,1,6,6,6,6,6,6,6,6,7,7,7,7,7,7,1,1,1,1,1,2,3,7,7,7,7,7,8,10,10,10,11,11,12,12,12,10
Georgia,https://www.countryflags.io/GE/shiny/64.png,0,0,0,0,0,0,0,0,0,0,0,0,0,0,0,0,0,0,0,0,0,0,0,0,0,0,0,0,0,0,0,0,0,0,0,1,1,1,1,3,3,3,3,4,4,4,13,15,15,24,24,25,30,33,32,33,37,39,42,48,51,58,61,65,68,69,76,73,83,89,94,108,127,125,136,147,147,158,164,177,179,187,201,228,232,269,288,298,297,303,307,304,309,307,312,331,335,337,333,349,352,367,357,361,355,332,331,325,319,316,310,282,264,272,266,252
Germany,https://www.countryflags.io/DE/shiny/64.png,0,0,0,0,0,1,4,4,4,5,8,10,12,12,12,12,13,13,14,14,16,16,15,15,15,15,15,4,4,4,2,2,2,2,3,12,30,32,63,114,143,180,246,466,653,781,1022,1156,1437,1880,2050,3622,4530,5738,7188,9166,12194,15163,19601,21896,24513,28667,29586,33570,37998,43871,48781,52351,52740,54933,58252,61247,65309,68248,69839,72864,69566,64647,63167,65491,64772,64532,62578,59865,58349,56646,53931,53483,52598,50703,48058,45969,44254,39439,40836,39794,38132,36198,34672,32886,30441,29155,28198,26459,24914,20987,20338,21378,20475,19910,19298,18233,17537,16294,15739,15214
Ghana,https://www.countryflags.io/GH/shiny/64.png,0,0,0,0,0,0,0,0,0,0,0,0,0,0,0,0,0,0,0,0,0,0,0,0,0,0,0,0,0,0,0,0,0,0,0,0,0,0,0,0,0,0,0,0,0,0,0,0,0,0,0,0,3,6,6,7,7,11,16,18,22,25,51,89,127,131,134,145,145,125,159,168,169,169,178,178,251,273,369,368,396,554,554,611,611,550,550,726,934,934,934,1046,1046,1135,1135,1384,1384,1467,1467,1845,1845,1922,1922,2407,2407,2779,2770,3671,3863,3863,4184,4611,4870,4832,4150,3952
Greece,https://www.countryflags.io/GR/shiny/64.png,0,0,0,0,0,0,0,0,0,0,0,0,0,0,0,0,0,0,0,0,0,0,0,0,0,0,0,0,0,0,0,0,0,0,0,1,3,4,4,7,7,7,9,31,45,46,73,73,89,98,98,189,217,319,319,374,405,404,470,498,590,659,694,763,830,886,977,1066,1117,1213,1313,1430,1472,1527,1584,1407,1482,1532,1599,1650,1719,1747,1777,1800,1821,1833,1847,1856,1853,1860,1703,1710,1761,1783,1799,1806,1821,1851,1860,1077,1098,1103,1108,1112,1122,1142,1156,1167,1185,1191,1201,1218,1231,1240,1276,1283
Grenada,https://www.countryflags.io/GD/shiny/64.png,0,0,0,0,0,0,0,0,0,0,0,0,0,0,0,0,0,0,0,0,0,0,0,0,0,0,0,0,0,0,0,0,0,0,0,0,0,0,0,0,0,0,0,0,0,0,0,0,0,0,0,0,0,0,0,0,0,0,0,0,1,1,1,1,7,7,7,9,9,9,9,10,12,12,12,12,12,12,12,14,14,14,14,14,14,14,8,8,8,8,8,9,9,8,11,11,11,9,7,7,7,8,8,8,8,8,8,8,8,8,8,8,8,7,8,8
Guatemala,https://www.countryflags.io/GT/shiny/64.png,0,0,0,0,0,0,0,0,0,0,0,0,0,0,0,0,0,0,0,0,0,0,0,0,0,0,0,0,0,0,0,0,0,0,0,0,0,0,0,0,0,0,0,0,0,0,0,0,0,0,0,0,1,1,1,5,5,8,11,16,18,19,20,19,20,23,23,23,25,25,26,34,37,44,44,52,57,67,75,106,115,131,132,143,156,172,186,207,229,261,263,284,343,389,415,436,466,466,479,517,556,599,614,632,665,691,719,775,839,916,977,1052,1192,1360,1478,1592
Guinea,https://www.countryflags.io/GN/shiny/64.png,0,0,0,0,0,0,0,0,0,0,0,0,0,0,0,0,0,0,0,0,0,0,0,0,0,0,0,0,0,0,0,0,0,0,0,0,0,0,0,0,0,0,0,0,0,0,0,0,0,0,0,1,1,1,1,1,1,1,1,2,2,4,4,4,4,8,8,16,22,22,30,52,71,106,116,123,139,159,183,197,233,233,302,332,372,388,415,450,487,495,555,591,686,757,781,781,910,964,1031,1159,1188,1174,1174,1251,1303,1248,1287,1335,1333,1421,1421,1471,1504,1563,1563,1509
Guinea-Bissau,https://www.countryflags.io/GW/shiny/64.png,0,0,0,0,0,0,0,0,0,0,0,0,0,0,0,0,0,0,0,0,0,0,0,0,0,0,0,0,0,0,0,0,0,0,0,0,0,0,0,0,0,0,0,0,0,0,0,0,0,0,0,0,0,0,0,0,0,0,0,0,0,0,0,2,2,2,2,2,8,8,9,9,15,18,18,18,33,33,36,36,38,38,38,38,43,43,43,46,47,47,47,47,47,49,49,49,54,54,185,185,237,237,237,393,393,449,537,567,613,697,732,791,807,884,884,939
Guyana,https://www.countryflags.io/GY/shiny/64.png,0,0,0,0,0,0,0,0,0,0,0,0,0,0,0,0,0,0,0,0,0,0,0,0,0,0,0,0,0,0,0,0,0,0,0,0,0,0,0,0,0,0,0,0,0,0,0,0,0,0,0,0,0,3,3,6,6,6,6,6,18,19,4,4,4,4,7,7,7,10,17,15,19,19,20,19,20,23,23,23,31,31,31,33,41,41,48,48,49,49,50,51,54,54,54,54,51,51,52,51,51,51,51,56,56,56,56,49,49,59,63,67,62,61,63,64
Haiti,https://www.countryflags.io/HT/shiny/64.png,0,0,0,0,0,0,0,0,0,0,0,0,0,0,0,0,0,0,0,0,0,0,0,0,0,0,0,0,0,0,0,0,0,0,0,0,0,0,0,0,0,0,0,0,0,0,0,0,0,0,0,0,0,0,0,0,0,0,2,2,2,6,7,8,8,8,8,14,14,14,15,15,17,19,19,23,24,26,28,29,31,30,37,37,38,38,40,41,44,54,54,56,65,65,60,61,62,62,62,65,67,67,69,79,79,79,101,117,122,150,176,176,199,235,261,309
Holy See,None,0,0,0,0,0,0,0,0,0,0,0,0,0,0,0,0,0,0,0,0,0,0,0,0,0,0,0,0,0,0,0,0,0,0,0,0,0,0,0,0,0,0,0,0,1,1,1,1,1,1,1,1,1,1,1,1,1,1,1,1,1,1,4,4,4,4,6,6,6,6,6,7,7,7,7,7,7,6,6,6,6,6,6,6,6,6,6,6,6,7,7,7,7,7,7,7,7,8,8,9,9,9,9,9,9,10,10,10,10,10,10,10,10,10,10,10
Honduras,https://www.countryflags.io/HN/shiny/64.png,0,0,0,0,0,0,0,0,0,0,0,0,0,0,0,0,0,0,0,0,0,0,0,0,0,0,0,0,0,0,0,0,0,0,0,0,0,0,0,0,0,0,0,0,0,0,0,0,0,2,2,2,2,3,6,8,9,12,24,24,26,30,30,36,51,67,91,104,129,131,159,202,204,246,240,270,277,284,314,352,361,361,365,374,379,382,391,401,411,406,419,434,441,478,503,503,521,559,599,621,617,818,855,973,1055,1230,1426,1472,1527,1661,1778,1748,1895,1932,2062,2149
Hungary,https://www.countryflags.io/HU/shiny/64.png,0,0,0,0,0,0,0,0,0,0,0,0,0,0,0,0,0,0,0,0,0,0,0,0,0,0,0,0,0,0,0,0,0,0,0,0,0,0,0,0,0,0,2,2,2,4,7,9,9,13,13,19,29,30,37,47,55,70,80,92,109,144,157,195,223,256,298,361,398,439,465,522,554,588,633,639,699,743,818,1001,1110,1193,1229,1268,1253,1311,1400,1431,1477,1518,1598,1648,1655,1723,1723,1743,1805,1842,1891,1882,1931,1982,2029,2054,1993,1979,1966,1921,1904,1917,1905,1881,1809,1775,1688,1654
Iceland,https://www.countryflags.io/IS/shiny/64.png,0,0,0,0,0,0,0,0,0,0,0,0,0,0,0,0,0,0,0,0,0,0,0,0,0,0,0,0,0,0,0,0,0,0,0,0,0,1,1,3,6,11,26,34,43,50,50,58,68,84,102,133,155,158,180,219,244,324,404,450,531,551,595,679,718,791,847,883,927,935,993,1031,1051,1017,1054,1096,1021,977,954,917,840,804,770,723,642,587,521,460,471,401,351,313,270,237,210,174,158,149,131,117,99,82,72,66,56,39,36,26,18,18,18,15,12,12,10,6
India,https://www.countryflags.io/IN/shiny/64.png,0,0,0,0,0,0,0,0,1,1,1,2,3,3,3,3,3,3,3,3,3,3,3,3,3,0,0,0,0,0,0,0,0,0,0,0,0,0,0,0,2,2,25,27,28,31,36,40,52,57,68,76,96,98,104,125,139,175,219,303,362,462,486,602,662,794,879,902,1117,1239,1792,2280,2303,2767,3260,4267,4740,5232,5879,6578,7189,7794,8914,9735,10485,11214,11825,12738,14202,14674,15460,16319,17344,18252,19519,20486,21375,22569,23546,24641,26027,27557,29339,32024,33565,35871,37686,39823,41406,43980,45925,47457,49104,51379,52773,53553
Indonesia,https://www.countryflags.io/ID/shiny/64.png,0,0,0,0,0,0,0,0,0,0,0,0,0,0,0,0,0,0,0,0,0,0,0,0,0,0,0,0,0,0,0,0,0,0,0,0,0,0,0,0,2,2,2,2,4,4,6,19,25,31,31,63,83,104,121,159,197,275,322,397,437,501,601,701,780,913,994,1107,1217,1311,1417,1508,1671,1751,1911,2090,2313,2494,2761,2924,3229,3509,3778,3954,4221,4472,4796,5082,5307,5423,5677,5870,6168,6520,6845,7032,7180,7484,7596,7804,8160,8347,8471,8769,9002,9226,9465,9675,10079,10361,10393,10679,11123,11445,11617,12025
Iran,https://www.countryflags.io/IR/shiny/64.png,0,0,0,0,0,0,0,0,0,0,0,0,0,0,0,0,0,0,0,0,0,0,0,0,0,0,0,0,0,3,14,23,35,49,79,71,170,281,427,749,1144,1968,2278,2667,3710,4009,4238,4530,5020,5687,6687,7891,9159,8624,9548,9792,10837,11413,11466,11419,12022,13306,13964,15315,16715,18821,21212,23278,24827,27051,29084,30597,31954,32555,34887,32525,31678,30781,29801,28495,23725,23318,22735,22065,21679,20897,20472,19850,20070,19023,18540,17492,16702,16021,15485,15114,14733,14268,13909,13509,13237,12942,12799,12991,13155,13645,13905,14313,14567,14820,15179,15677,16514,17140,17897,18308
Iraq,https://www.countryflags.io/IQ/shiny/64.png,0,0,0,0,0,0,0,0,0,0,0,0,0,0,0,0,0,0,0,0,0,0,0,0,0,0,0,0,0,0,0,0,0,1,1,5,7,7,13,19,26,32,33,33,37,50,54,51,61,49,48,68,74,80,88,111,109,136,142,146,156,186,214,214,241,296,333,362,432,474,494,516,540,563,621,623,684,681,667,659,645,636,583,556,524,498,495,478,448,449,423,402,423,418,453,470,473,519,565,617,645,651,709,704,758,776,815,838,870,924,918,898,951,1000,987,1013
Ireland,https://www.countryflags.io/IE/shiny/64.png,0,0,0,0,0,0,0,0,0,0,0,0,0,0,0,0,0,0,0,0,0,0,0,0,0,0,0,0,0,0,0,0,0,0,0,0,0,0,1,1,1,2,6,6,18,18,19,21,34,42,42,89,127,127,167,216,285,549,675,777,897,1114,1317,1550,1795,2094,2374,2564,2851,3159,3357,3746,4148,4442,4811,5165,5474,5814,6286,7777,8583,9296,10257,11048,12026,12708,13373,14110,14564,14888,6077,6669,7580,7937,8265,8942,9313,9485,5677,5994,6182,6504,6817,7067,7258,3763,3872,4002,4204,4428,4558,4644,2434,2851,2968,3045
Israel,https://www.countryflags.io/IL/shiny/64.png,0,0,0,0,0,0,0,0,0,0,0,0,0,0,0,0,0,0,0,0,0,0,0,0,0,0,0,0,0,0,1,1,1,1,1,2,2,3,6,9,9,11,14,19,35,41,59,59,71,75,96,122,151,209,214,239,293,416,515,675,845,1033,1182,2306,2617,2944,3518,4100,4518,5114,5825,6483,6985,7380,7904,8262,8413,8530,8871,9130,9301,9415,9615,9728,9808,9798,9705,9645,9565,9487,9251,9094,9000,8861,8664,8511,8151,7772,7386,7163,6720,6363,6227,5947,5586,5434,5268,4962,4831,4795,4405,4186,4052,3793,3736,3485
Italy,https://www.countryflags.io/IT/shiny/64.png,0,0,0,0,0,0,0,0,0,2,2,2,2,2,2,2,3,3,3,3,3,3,3,3,3,3,3,3,3,3,19,59,150,221,311,438,593,821,1053,1577,1835,2263,2706,3296,3916,5061,6387,7985,8794,10590,10590,14955,17750,20603,23073,26062,28710,33190,38549,42681,46638,50826,54030,57521,62013,66414,70065,73880,75528,77635,80572,83049,85388,88274,91246,93187,94067,95262,96877,98273,100269,102253,103616,104291,105418,106607,106962,107771,108257,108237,107709,107699,106848,106527,105847,106103,105813,105205,104657,101551,100943,100704,100179,99980,98467,91528,89624,87961,84842,83324,82488,81266,78457,76440,72070,70187
Jamaica,https://www.countryflags.io/JM/shiny/64.png,0,0,0,0,0,0,0,0,0,0,0,0,0,0,0,0,0,0,0,0,0,0,0,0,0,0,0,0,0,0,0,0,0,0,0,0,0,0,0,0,0,0,0,0,0,0,0,0,0,1,2,8,8,10,8,10,11,12,13,13,16,16,18,23,23,23,27,29,33,33,39,42,42,43,47,47,52,49,47,46,48,52,50,50,99,117,113,133,141,191,190,200,223,253,270,315,328,328,360,385,393,422,422,424,408,412,421,419,419,403,406,398,387,382,381,387
Japan,https://www.countryflags.io/JP/shiny/64.png,2,2,2,2,3,3,6,6,10,14,19,19,19,21,21,21,24,24,25,22,17,19,18,19,30,46,53,60,65,75,82,99,124,136,147,165,188,202,204,218,236,244,282,311,368,379,420,425,470,506,505,564,633,699,668,705,716,745,739,740,825,851,865,952,981,1047,1237,1388,1388,1473,1649,1961,2040,2548,2548,2994,3222,3542,3941,4746,5144,5878,6463,6703,7101,7547,8662,9005,9402,9402,9633,9875,10546,10954,11215,11260,11869,11443,11114,11198,10875,10892,10409,10386,10201,10201,9982,9839,9150,7026,6921,6780,6451,5555,5152,5174
Jordan,https://www.countryflags.io/JO/shiny/64.png,0,0,0,0,0,0,0,0,0,0,0,0,0,0,0,0,0,0,0,0,0,0,0,0,0,0,0,0,0,0,0,0,0,0,0,0,0,0,0,0,0,1,1,1,1,1,1,1,1,1,1,0,0,7,16,33,51,68,84,84,111,126,153,171,211,216,227,238,237,239,237,249,247,244,230,217,209,202,204,195,197,181,169,155,144,136,135,137,134,136,124,113,112,108,105,103,100,93,87,83,87,84,85,86,87,87,104,114,126,142,163,177,181,184,186,194
Kazakhstan,https://www.countryflags.io/KZ/shiny/64.png,0,0,0,0,0,0,0,0,0,0,0,0,0,0,0,0,0,0,0,0,0,0,0,0,0,0,0,0,0,0,0,0,0,0,0,0,0,0,0,0,0,0,0,0,0,0,0,0,0,0,0,4,6,9,10,33,35,44,46,53,60,62,72,81,108,146,211,263,280,317,351,405,429,490,536,610,640,666,713,738,774,842,941,1015,1039,1108,1182,1221,1259,1386,1487,1601,1709,1853,1930,2010,2090,2228,2294,2511,2650,2847,2809,2847,2897,2984,3030,3172,3168,3118,3101,3024,2977,3008,2948,2836
Kenya,https://www.countryflags.io/KE/shiny/64.png,0,0,0,0,0,0,0,0,0,0,0,0,0,0,0,0,0,0,0,0,0,0,0,0,0,0,0,0,0,0,0,0,0,0,0,0,0,0,0,0,0,0,0,0,0,0,0,0,0,0,0,1,1,3,3,3,3,7,7,7,15,16,25,27,29,29,36,40,48,57,77,103,114,118,134,148,159,164,165,160,160,164,159,166,162,170,182,190,189,198,208,215,217,228,231,235,235,236,240,235,240,261,274,293,329,366,381,390,412,401,416,420,416,432,452,479
"Korea, South",None,1,1,2,2,3,4,4,4,4,11,12,15,15,16,19,23,23,23,22,24,25,21,21,21,19,20,20,19,19,87,186,415,578,807,945,1227,1731,2302,3107,3689,4277,5128,5545,6012,6416,6862,7146,7307,7212,7407,7470,7403,7504,7577,7024,6832,6789,6934,7018,7157,5941,5941,5410,5281,4966,4665,4523,4398,4275,4216,4155,3979,3867,3654,3591,3500,3445,3408,3246,3125,3026,2930,2873,2808,2750,2627,2576,2484,2385,2324,2233,2179,1967,1843,1769,1731,1654,1593,1459,1454,1407,1360,1332,1267,1218,1135,1082,1016,1008,1021,1008,1008,969,937,924,900
Kosovo,https://www.countryflags.io/XK/shiny/64.png,0,0,0,0,0,0,0,0,0,0,0,0,0,0,0,0,0,0,0,0,0,0,0,0,0,0,0,0,0,0,0,0,0,0,0,0,0,0,0,0,0,0,0,0,0,0,0,0,0,0,0,0,0,0,0,0,0,0,0,0,0,0,0,0,70,84,89,92,92,105,114,114,115,118,121,121,142,149,149,191,218,218,218,313,313,359,384,405,447,460,458,474,491,522,546,576,557,536,528,513,513,465,448,426,340,340,272,272,212,189,201,219,219,225,225,225
Kuwait,https://www.countryflags.io/KW/shiny/64.png,0,0,0,0,0,0,0,0,0,0,0,0,0,0,0,0,0,0,0,0,0,0,0,0,0,0,0,0,0,0,0,0,0,1,11,26,43,45,45,45,56,56,56,58,58,61,63,63,68,70,75,75,99,107,114,121,127,130,141,149,161,162,152,152,159,168,171,188,194,216,237,261,335,385,456,561,637,743,798,869,1020,1091,1148,1176,1196,1296,1395,1465,1603,1619,1657,1792,1887,1986,2217,2249,2254,2241,2327,2459,2745,2883,3169,3291,3732,4028,4142,4695,4952,5901,6314,7101,7683,8436,9124,9852
Kyrgyzstan,https://www.countryflags.io/KG/shiny/64.png,0,0,0,0,0,0,0,0,0,0,0,0,0,0,0,0,0,0,0,0,0,0,0,0,0,0,0,0,0,0,0,0,0,0,0,0,0,0,0,0,0,0,0,0,0,0,0,0,0,0,0,0,0,0,0,0,3,3,6,14,14,16,42,44,44,58,58,84,91,104,108,111,123,134,137,179,191,233,241,258,290,318,347,354,366,370,370,371,416,360,367,351,321,312,312,304,292,284,284,276,244,234,221,245,232,245,246,244,261,315,316,316,306,335,352,320
Laos,https://www.countryflags.io/LA/shiny/64.png,0,0,0,0,0,0,0,0,0,0,0,0,0,0,0,0,0,0,0,0,0,0,0,0,0,0,0,0,0,0,0,0,0,0,0,0,0,0,0,0,0,0,0,0,0,0,0,0,0,0,0,0,0,0,0,0,0,0,0,0,0,0,2,3,6,6,8,8,8,9,10,10,10,10,11,12,14,15,16,16,18,19,19,18,18,17,17,17,17,17,17,15,15,15,12,12,12,12,12,11,11,10,10,10,10,9,10,10,6,6,6,6,5,5,5,5
Latvia,https://www.countryflags.io/LV/shiny/64.png,0,0,0,0,0,0,0,0,0,0,0,0,0,0,0,0,0,0,0,0,0,0,0,0,0,0,0,0,0,0,0,0,0,0,0,0,0,0,0,0,1,1,1,1,1,1,2,6,7,9,9,16,25,29,33,48,70,85,110,123,138,179,196,220,243,279,304,346,375,397,445,427,491,507,531,525,530,559,570,593,611,630,634,636,617,613,589,619,634,646,606,617,634,505,525,533,538,556,486,495,506,507,515,532,531,419,427,446,448,457,464,305,305,316,289,316
Lebanon,https://www.countryflags.io/LB/shiny/64.png,0,0,0,0,0,0,0,0,0,0,0,0,0,0,0,0,0,0,0,0,0,0,0,0,0,0,0,0,0,0,1,1,1,1,1,2,2,2,4,10,13,13,12,15,21,21,31,31,39,57,57,73,89,106,106,114,127,149,155,179,236,255,306,307,339,356,374,398,400,421,422,432,441,449,455,462,467,495,496,513,522,530,532,540,552,556,561,552,550,553,548,547,526,534,537,538,541,548,547,551,513,511,512,515,510,519,539,547,549,585,599,610,616,624,619,629
Lesotho,https://www.countryflags.io/LS/shiny/64.png,0,0,0,0,0,0,0,0,0,0,0,0,0,0,0,0,0,0,0,0,0,0,0,0,0,0,0,0,0,0,0,0,0,0,0,0,0,0,0,0,0,0,0,0,0,0,0,0,0,0,0,0,0,0,0,0,0,0,0,0,0,0,0,0,0,0,0,0,0,0,0,0,0,0,0,0,0,0,0,0,0,0,0,0,0,0,0,0,0,0,0,0,0,0,0,0,0,0,0,0,0,0,0,0,0,0,0,0,0,0,0,0,1,1,1,1
Liberia,https://www.countryflags.io/LR/shiny/64.png,0,0,0,0,0,0,0,0,0,0,0,0,0,0,0,0,0,0,0,0,0,0,0,0,0,0,0,0,0,0,0,0,0,0,0,0,0,0,0,0,0,0,0,0,0,0,0,0,0,0,0,0,0,0,1,1,2,2,2,3,3,3,3,3,3,3,3,3,3,3,6,6,7,6,7,8,8,24,24,29,40,42,49,49,49,49,62,62,76,84,86,73,73,84,84,87,87,80,80,80,89,88,82,90,92,83,90,100,100,100,106,106,92,90,91,87
Libya,https://www.countryflags.io/LY/shiny/64.png,0,0,0,0,0,0,0,0,0,0,0,0,0,0,0,0,0,0,0,0,0,0,0,0,0,0,0,0,0,0,0,0,0,0,0,0,0,0,0,0,0,0,0,0,0,0,0,0,0,0,0,0,0,0,0,0,0,0,0,0,0,0,1,1,1,1,3,8,8,9,10,10,10,17,17,17,18,12,15,15,15,15,16,25,38,37,37,37,39,35,35,43,43,41,41,41,41,41,41,40,42,38,38,37,37,37,37,37,37,37,33,33,33,33,33,34
Liechtenstein,https://www.countryflags.io/LI/shiny/64.png,0,0,0,0,0,0,0,0,0,0,0,0,0,0,0,0,0,0,0,0,0,0,0,0,0,0,0,0,0,0,0,0,0,0,0,0,0,0,0,0,0,0,1,1,1,1,1,1,1,1,1,1,4,4,4,7,28,28,28,37,37,51,51,51,56,56,56,56,62,68,68,75,75,76,76,21,22,22,22,23,23,23,23,23,23,23,23,23,25,25,25,25,25,25,25,26,26,26,26,26,26,26,26,26,26,26,26,26,26,26,26,26,26,26,26,26
Lithuania,https://www.countryflags.io/LT/shiny/64.png,0,0,0,0,0,0,0,0,0,0,0,0,0,0,0,0,0,0,0,0,0,0,0,0,0,0,0,0,0,0,0,0,0,0,0,0,0,1,1,1,1,1,1,1,1,1,1,1,1,3,3,6,8,11,16,24,26,35,48,81,141,177,206,269,294,352,386,452,477,522,566,633,680,753,791,820,857,889,931,923,949,933,937,940,923,918,906,978,1021,1047,1014,975,959,940,925,930,934,764,767,751,760,728,729,735,699,662,645,622,567,601,602,591,543,523,504,491
Luxembourg,https://www.countryflags.io/LU/shiny/64.png,0,0,0,0,0,0,0,0,0,0,0,0,0,0,0,0,0,0,0,0,0,0,0,0,0,0,0,0,0,0,0,0,0,0,0,0,0,0,1,1,1,1,1,1,2,2,3,3,5,7,19,34,50,58,76,139,201,331,480,662,784,861,1085,1319,1438,1550,1773,1889,1926,2075,2210,2377,2081,2198,2268,2302,2426,2488,2563,2669,2708,2715,2723,2740,2778,2823,2829,2864,2850,2846,2870,2863,2854,603,538,531,518,529,546,481,497,402,349,327,332,301,254,245,226,199,185,182,172,147,137,127
MS Zaandam,None,0,0,0,0,0,0,0,0,0,0,0,0,0,0,0,0,0,0,0,0,0,0,0,0,0,0,0,0,0,0,0,0,0,0,0,0,0,0,0,0,0,0,0,0,0,0,0,0,0,0,0,0,0,0,0,0,0,0,0,0,0,0,0,0,0,0,2,2,2,2,7,7,7,7,7,7,7,7,7,7,7,7,7,7,7,7,7,7,7,7,7,7,7,7,7,7,7,7,7,7,7,7,7,7,7,7,7,7,7,7,7,7,7,7,7,7
Madagascar,https://www.countryflags.io/MG/shiny/64.png,0,0,0,0,0,0,0,0,0,0,0,0,0,0,0,0,0,0,0,0,0,0,0,0,0,0,0,0,0,0,0,0,0,0,0,0,0,0,0,0,0,0,0,0,0,0,0,0,0,0,0,0,0,0,0,0,0,0,3,3,3,12,17,19,23,26,26,39,43,57,57,59,70,70,70,80,81,82,82,82,91,86,85,85,81,78,84,85,82,80,77,69,63,61,61,53,53,46,38,36,38,38,51,50,50,57,92,92,92,92,85,85,105,122,126,169
Malawi,https://www.countryflags.io/MW/shiny/64.png,0,0,0,0,0,0,0,0,0,0,0,0,0,0,0,0,0,0,0,0,0,0,0,0,0,0,0,0,0,0,0,0,0,0,0,0,0,0,0,0,0,0,0,0,0,0,0,0,0,0,0,0,0,0,0,0,0,0,0,0,0,0,0,0,0,0,0,0,0,0,0,3,3,4,4,5,7,7,7,8,10,11,14,14,14,14,12,12,12,12,13,17,27,26,26,27,29,28,26,27,25,26,27,29,29,31,26,26,39,39,30,30,36,36,36,38
Malaysia,https://www.countryflags.io/MY/shiny/64.png,0,0,0,3,4,4,4,7,8,8,8,8,8,10,12,12,11,15,15,17,15,15,16,16,15,15,15,9,7,7,7,7,7,4,4,4,5,5,7,11,11,14,28,28,61,70,75,93,105,123,123,171,203,386,524,622,728,823,940,1065,1157,1365,1425,1577,1793,1876,1973,2047,2110,2186,2218,2299,2453,2511,2596,2490,2579,2567,2553,2446,2462,2499,2464,2427,2342,2332,2198,2115,2103,2041,2041,1987,1966,1932,1882,1820,1764,1719,1758,1729,1758,1747,1780,1764,1710,1619,1584,1564,1552,1523,1504,1410,1387,1356,1304,1247
Maldives,https://www.countryflags.io/MV/shiny/64.png,0,0,0,0,0,0,0,0,0,0,0,0,0,0,0,0,0,0,0,0,0,0,0,0,0,0,0,0,0,0,0,0,0,0,0,0,0,0,0,0,0,0,0,0,0,0,4,4,6,8,8,9,10,13,13,13,13,13,13,13,13,13,8,5,5,7,7,4,4,5,6,6,6,6,6,6,6,6,6,6,6,6,6,4,6,9,12,19,36,53,67,70,92,113,160,197,209,233,260,450,473,500,508,522,551,595,625,721,758,803,865,872,911,933,978,1016
Mali,https://www.countryflags.io/ML/shiny/64.png,0,0,0,0,0,0,0,0,0,0,0,0,0,0,0,0,0,0,0,0,0,0,0,0,0,0,0,0,0,0,0,0,0,0,0,0,0,0,0,0,0,0,0,0,0,0,0,0,0,0,0,0,0,0,0,0,0,0,0,0,0,0,0,2,4,11,18,17,23,26,28,33,36,37,39,33,39,36,45,58,58,74,87,97,101,124,124,162,168,176,187,203,211,217,258,254,272,278,328,329,286,312,323,328,352,338,347,348,357,315,296,292,302,297,305,308
Malta,https://www.countryflags.io/MT/shiny/64.png,0,0,0,0,0,0,0,0,0,0,0,0,0,0,0,0,0,0,0,0,0,0,0,0,0,0,0,0,0,0,0,0,0,0,0,0,0,0,0,0,0,0,0,0,0,3,3,3,5,6,6,11,17,20,28,36,36,51,62,71,88,105,108,127,132,137,147,149,154,167,186,194,200,211,222,236,288,282,319,332,351,331,337,346,352,327,328,324,306,302,290,276,238,221,195,162,160,151,120,110,80,85,81,77,74,72,68,65,58,58,64,67,66,73,68,90
Mauritania,https://www.countryflags.io/MR/shiny/64.png,0,0,0,0,0,0,0,0,0,0,0,0,0,0,0,0,0,0,0,0,0,0,0,0,0,0,0,0,0,0,0,0,0,0,0,0,0,0,0,0,0,0,0,0,0,0,0,0,0,0,0,0,1,1,1,1,1,2,2,2,2,2,2,2,3,3,5,3,2,3,3,3,3,3,3,3,3,3,4,4,4,4,4,4,4,4,4,4,0,0,0,0,0,0,0,0,0,0,1,1,1,1,1,1,1,1,1,1,1,1,1,2,7,11,19,29
Mauritius,https://www.countryflags.io/MU/shiny/64.png,0,0,0,0,0,0,0,0,0,0,0,0,0,0,0,0,0,0,0,0,0,0,0,0,0,0,0,0,0,0,0,0,0,0,0,0,0,0,0,0,0,0,0,0,0,0,0,0,0,0,0,0,0,0,0,0,3,3,12,13,26,34,40,46,79,92,100,104,125,138,155,162,179,182,213,230,253,247,284,286,282,273,273,264,250,234,207,136,111,95,76,59,56,37,27,24,22,21,16,12,10,8,7,6,3,2,2,2,2,2,0,0,0,0,0,0
Mexico,https://www.countryflags.io/MX/shiny/64.png,0,0,0,0,0,0,0,0,0,0,0,0,0,0,0,0,0,0,0,0,0,0,0,0,0,0,0,0,0,0,0,0,0,0,0,0,0,1,4,5,5,4,4,4,5,5,6,6,3,4,8,22,37,49,78,89,114,159,197,245,309,359,396,465,573,701,828,969,1031,1151,1306,1425,995,1178,1416,1681,2011,2374,2614,2978,3313,2593,2839,3029,3273,3686,4204,4722,4948,5433,6017,6947,7937,9024,5388,4972,5009,3760,4644,5942,6390,7650,7870,9187,6708,7149,8874,8048,8283,9733,9654,8463,8976,9643,9814,10251
Moldova,https://www.countryflags.io/MD/shiny/64.png,0,0,0,0,0,0,0,0,0,0,0,0,0,0,0,0,0,0,0,0,0,0,0,0,0,0,0,0,0,0,0,0,0,0,0,0,0,0,0,0,0,0,0,0,0,0,1,1,3,3,3,6,12,23,23,29,28,47,64,78,92,107,122,146,174,195,227,259,281,331,395,476,557,711,819,909,994,1107,1210,1353,1455,1537,1570,1760,1832,1865,1932,1930,1948,2021,2037,2143,2185,2271,2385,2417,2454,2560,2546,2599,2586,2594,2614,2693,2683,2675,2713,2752,2781,2800,2840,2903,3045,3131,3315,3383
Monaco,https://www.countryflags.io/MC/shiny/64.png,0,0,0,0,0,0,0,0,0,0,0,0,0,0,0,0,0,0,0,0,0,0,0,0,0,0,0,0,0,0,0,0,0,0,0,0,0,0,1,1,1,1,1,1,1,1,1,1,1,1,2,2,2,2,7,7,7,7,11,11,22,22,22,30,32,41,41,44,47,49,52,57,60,62,69,72,74,76,78,84,86,86,86,86,78,78,71,69,69,68,65,65,55,49,48,48,49,41,33,27,18,13,13,13,10,9,9,9,10,10,7,7,5,5,5,5
Mongolia,https://www.countryflags.io/MN/shiny/64.png,0,0,0,0,0,0,0,0,0,0,0,0,0,0,0,0,0,0,0,0,0,0,0,0,0,0,0,0,0,0,0,0,0,0,0,0,0,0,0,0,0,0,0,0,0,0,0,0,1,1,1,1,1,1,1,5,6,6,6,10,10,10,10,10,11,11,12,12,10,10,12,12,12,12,12,13,11,12,12,12,12,12,13,25,25,26,26,26,25,26,26,27,27,28,28,29,28,28,28,28,28,29,29,28,28,28,28,29,28,28,28,27,27,83,78,115
Montenegro,https://www.countryflags.io/ME/shiny/64.png,0,0,0,0,0,0,0,0,0,0,0,0,0,0,0,0,0,0,0,0,0,0,0,0,0,0,0,0,0,0,0,0,0,0,0,0,0,0,0,0,0,0,0,0,0,0,0,0,0,0,0,0,0,0,0,2,2,3,14,14,21,26,46,51,68,81,83,84,90,107,121,142,171,198,211,230,235,242,246,249,256,264,266,233,229,244,243,247,248,219,207,194,188,190,161,161,125,115,112,101,82,69,65,62,63,55,51,49,42,25,21,17,8,6,4,4
Morocco,https://www.countryflags.io/MA/shiny/64.png,0,0,0,0,0,0,0,0,0,0,0,0,0,0,0,0,0,0,0,0,0,0,0,0,0,0,0,0,0,0,0,0,0,0,0,0,0,0,0,0,1,1,1,2,2,2,2,2,2,4,5,5,15,26,27,35,46,60,73,90,108,136,159,212,256,311,366,440,508,557,586,633,686,794,875,959,1001,1085,1168,1219,1288,1366,1434,1545,1668,1904,2148,2234,2387,2553,2671,2880,2957,3114,3201,3311,3263,3309,3225,3269,3315,3300,3291,3221,3200,3208,3186,3201,3263,3321,3282,3239,3193,3107,3062,3062
Mozambique,https://www.countryflags.io/MZ/shiny/64.png,0,0,0,0,0,0,0,0,0,0,0,0,0,0,0,0,0,0,0,0,0,0,0,0,0,0,0,0,0,0,0,0,0,0,0,0,0,0,0,0,0,0,0,0,0,0,0,0,0,0,0,0,0,0,0,0,0,0,0,0,1,1,3,5,7,7,8,8,8,8,10,10,10,9,9,9,9,16,16,18,18,19,19,26,27,29,32,31,31,31,31,33,37,53,58,64,64,64,64,64,67,61,61,61,62,60,57,55,53,57,69,70,70,80,77,86
Namibia,https://www.countryflags.io/NA/shiny/64.png,0,0,0,0,0,0,0,0,0,0,0,0,0,0,0,0,0,0,0,0,0,0,0,0,0,0,0,0,0,0,0,0,0,0,0,0,0,0,0,0,0,0,0,0,0,0,0,0,0,0,0,0,2,2,2,2,2,3,3,3,3,4,5,5,6,6,6,9,9,9,12,11,11,11,13,13,13,13,13,13,13,13,13,13,13,12,12,10,10,10,10,10,9,9,9,8,8,8,8,8,8,8,8,8,8,8,7,7,6,5,5,5,5,4,3,3
Nepal,https://www.countryflags.io/NP/shiny/64.png,0,0,0,1,1,1,1,1,1,1,1,1,1,1,1,1,1,1,1,1,1,0,0,0,0,0,0,0,0,0,0,0,0,0,0,0,0,0,0,0,0,0,0,0,0,0,0,0,0,0,0,0,0,0,0,0,0,0,0,0,0,1,1,2,2,3,4,4,4,4,4,5,5,8,8,8,8,8,8,8,8,11,13,15,15,14,28,29,27,27,39,38,38,38,37,36,36,38,41,41,43,43,59,59,66,77,79,71,79,79,101,184,215,214,231,254
Netherlands,https://www.countryflags.io/NL/shiny/64.png,0,0,0,0,0,0,0,0,0,0,0,0,0,0,0,0,0,0,0,0,0,0,0,0,0,0,0,0,0,0,0,0,0,0,0,0,1,1,6,10,18,24,38,82,127,187,262,318,378,498,498,796,948,1116,1390,1666,1998,2388,2894,3501,4035,4548,5300,6077,7027,8094,9173,9905,10699,11374,12261,13187,14071,14809,15925,16794,17329,18155,19222,20442,21627,22704,23582,24328,24867,25745,26833,27836,28819,29502,30314,30863,31628,32323,32858,33432,33789,33913,34152,34576,34942,35293,35559,35732,35962,36151,36520,36768,36991,37218,37363,37505,37672,37912,38059,38214
New Zealand,https://www.countryflags.io/NZ/shiny/64.png,0,0,0,0,0,0,0,0,0,0,0,0,0,0,0,0,0,0,0,0,0,0,0,0,0,0,0,0,0,0,0,0,0,0,0,0,0,1,1,1,1,1,3,3,4,5,5,5,5,5,5,5,6,8,8,12,20,28,39,52,102,102,143,183,256,331,401,457,525,572,624,704,764,822,882,929,918,927,921,908,886,855,798,729,649,622,582,544,507,454,426,401,344,325,310,270,239,226,216,208,202,201,191,164,151,136,122,103,102,90,78,74,65,56,49,45
Nicaragua,https://www.countryflags.io/NI/shiny/64.png,0,0,0,0,0,0,0,0,0,0,0,0,0,0,0,0,0,0,0,0,0,0,0,0,0,0,0,0,0,0,0,0,0,0,0,0,0,0,0,0,0,0,0,0,0,0,0,0,0,0,0,0,0,0,0,0,0,1,1,2,2,2,2,2,2,1,3,3,3,4,4,4,4,4,5,5,5,5,6,6,7,4,4,4,4,4,4,1,2,2,1,1,1,1,2,3,3,3,3,4,4,4,3,3,4,4,4,4,4,4,4,10,10,10,10,10
Niger,https://www.countryflags.io/NE/shiny/64.png,0,0,0,0,0,0,0,0,0,0,0,0,0,0,0,0,0,0,0,0,0,0,0,0,0,0,0,0,0,0,0,0,0,0,0,0,0,0,0,0,0,0,0,0,0,0,0,0,0,0,0,0,0,0,0,0,0,0,1,1,2,3,3,6,9,9,9,17,24,24,69,93,115,136,161,217,241,303,359,386,439,442,442,466,480,480,499,507,511,511,510,447,391,368,332,317,287,275,246,235,217,194,196,184,182,171,153,151,153,151,149,159,153,149,150,149
Nigeria,https://www.countryflags.io/NG/shiny/64.png,0,0,0,0,0,0,0,0,0,0,0,0,0,0,0,0,0,0,0,0,0,0,0,0,0,0,0,0,0,0,0,0,0,0,0,0,0,1,1,1,1,1,1,1,1,1,1,2,2,2,2,2,2,2,2,3,7,7,11,21,28,37,41,48,62,66,85,107,121,125,163,162,181,185,194,198,204,226,230,240,238,228,242,263,267,277,317,357,436,455,455,648,753,855,925,994,1042,1233,1370,1555,1751,1952,2071,2292,2371,2508,2818,3116,3278,3478,3589,3670,3737,3815,3959,3973
North Macedonia,None,0,0,0,0,0,0,0,0,0,0,0,0,0,0,0,0,0,0,0,0,0,0,0,0,0,0,0,0,0,0,0,0,0,0,0,1,1,1,1,1,1,1,1,1,3,3,3,3,7,7,7,13,13,13,17,25,34,47,66,84,113,133,145,173,195,213,234,250,266,308,326,356,398,446,514,517,543,553,596,638,685,753,772,778,831,914,929,957,977,971,952,931,943,932,934,825,781,761,742,650,606,572,482,441,427,394,404,397,419,415,373,377,370,393,392,397
Norway,https://www.countryflags.io/NO/shiny/64.png,0,0,0,0,0,0,0,0,0,0,0,0,0,0,0,0,0,0,0,0,0,0,0,0,0,0,0,0,0,0,0,0,0,0,0,1,1,6,15,19,25,32,56,87,108,147,176,204,399,597,701,995,1086,1217,1329,1459,1543,1738,1906,2110,2377,2610,2845,3064,3349,3730,3985,4252,4401,4589,4806,5065,5279,5456,5584,5757,5965,5953,6071,6169,6258,6365,6437,6452,6558,6712,6744,6840,6881,6943,6977,7119,7175,7232,7266,7294,7362,7422,7471,7496,7541,7566,7604,7658,7708,7748,7785,7820,7848,7854,7876,7897,7914,7932,7955,7973
Oman,https://www.countryflags.io/OM/shiny/64.png,0,0,0,0,0,0,0,0,0,0,0,0,0,0,0,0,0,0,0,0,0,0,0,0,0,0,0,0,0,0,0,0,0,2,2,4,4,4,5,5,5,10,13,14,14,14,14,14,9,9,9,10,10,13,13,15,27,36,36,40,38,49,67,82,86,108,129,144,150,157,175,173,194,214,235,268,302,345,345,372,434,486,599,679,775,839,887,998,1026,1165,1262,1368,1400,1455,1566,1655,1675,1757,1900,1842,1941,1721,1806,1809,1864,2002,1963,2071,2139,2265,2306,2454,2713,3020,3255,3572
Pakistan,https://www.countryflags.io/PK/shiny/64.png,0,0,0,0,0,0,0,0,0,0,0,0,0,0,0,0,0,0,0,0,0,0,0,0,0,0,0,0,0,0,0,0,0,0,0,2,2,2,4,4,4,5,5,5,6,6,5,5,15,17,18,26,29,51,134,234,297,439,485,714,766,864,947,1034,1171,1339,1454,1554,1620,1836,1997,2262,2520,2646,2899,3454,3549,3735,3852,3902,4163,4111,4308,4363,4826,5146,5125,5663,6312,6272,7291,7708,8391,8932,9588,10111,10594,11067,11757,12117,12982,13846,14513,14830,15734,17045,17595,18306,20291,21612,22820,24787,25638,25323,27085,27085
Panama,https://www.countryflags.io/PA/shiny/64.png,0,0,0,0,0,0,0,0,0,0,0,0,0,0,0,0,0,0,0,0,0,0,0,0,0,0,0,0,0,0,0,0,0,0,0,0,0,0,0,0,0,0,0,0,0,0,0,0,1,7,10,26,35,42,54,68,85,108,136,199,310,339,338,434,548,663,770,880,961,1142,1142,1276,1428,1619,1742,1921,2031,2174,2449,2670,2883,3132,3284,3317,3407,3573,3809,3972,4013,4176,4318,4449,4749,4865,5041,5276,5399,5399,5673,5768,5906,6252,6252,6356,6490,6654,6757,6953,3544,3517,3680,2510,2621,2778,2922,3100
Papua New Guinea,https://www.countryflags.io/PG/shiny/64.png,0,0,0,0,0,0,0,0,0,0,0,0,0,0,0,0,0,0,0,0,0,0,0,0,0,0,0,0,0,0,0,0,0,0,0,0,0,0,0,0,0,0,0,0,0,0,0,0,0,0,0,0,0,0,0,0,0,0,1,1,1,1,1,1,1,1,1,1,1,1,1,1,1,1,1,2,2,2,2,2,2,2,2,2,2,7,7,7,7,7,7,8,8,8,8,8,8,8,8,8,8,8,8,0,0,0,0,0,0,0,0,0,0,0,0,0
Paraguay,https://www.countryflags.io/PY/shiny/64.png,0,0,0,0,0,0,0,0,0,0,0,0,0,0,0,0,0,0,0,0,0,0,0,0,0,0,0,0,0,0,0,0,0,0,0,0,0,0,0,0,0,0,0,0,0,0,1,1,1,5,5,6,6,6,8,9,11,11,13,17,21,21,25,34,38,48,52,55,60,61,65,72,83,81,89,96,95,99,101,105,109,106,119,130,130,136,161,159,157,154,147,142,137,136,134,134,126,128,128,143,208,241,260,275,286,288,304,401,524,538,544,554,547,559,555,569
Peru,https://www.countryflags.io/PE/shiny/64.png,0,0,0,0,0,0,0,0,0,0,0,0,0,0,0,0,0,0,0,0,0,0,0,0,0,0,0,0,0,0,0,0,0,0,0,0,0,0,0,0,0,0,0,0,1,1,6,7,11,11,15,28,38,43,86,116,144,233,230,312,357,389,408,470,557,608,639,818,873,641,891,822,997,759,1209,1472,1546,2888,3680,4159,4928,5528,6926,7204,8113,6097,6648,7388,8417,8912,10371,11693,12920,13518,16834,18701,19492,21157,22951,25520,28206,28900,31092,31601,34332,35757,38511,41121,42955,44069,44455,46678,49813,53186,54956,57746
Philippines,https://www.countryflags.io/PH/shiny/64.png,0,0,0,0,0,0,0,0,1,1,1,1,1,1,1,1,2,2,2,2,2,1,1,1,1,1,1,1,1,1,1,1,1,1,1,1,1,1,1,1,1,1,1,1,3,4,8,18,30,46,48,57,101,127,128,170,178,192,204,275,338,412,497,572,634,718,972,1305,1426,1947,2165,2475,2830,2893,3030,3424,3503,3592,3749,3834,4024,4154,4375,4593,4751,4863,5004,5174,5278,5418,5508,5571,5797,5953,6008,6216,6334,6453,6631,6877,7109,7201,7402,7547,7639,7840,8040,8033,8064,8151,8361,8493,8595,8749,8825,8927
Poland,https://www.countryflags.io/PL/shiny/64.png,0,0,0,0,0,0,0,0,0,0,0,0,0,0,0,0,0,0,0,0,0,0,0,0,0,0,0,0,0,0,0,0,0,0,0,0,0,0,0,0,0,0,1,1,5,5,11,16,22,31,48,66,100,116,160,220,233,349,419,530,626,740,890,1030,1198,1366,1613,1833,2017,2271,2464,2833,3256,3432,3874,4144,4528,4824,5117,5456,5773,6003,6202,6321,6628,6830,7181,7414,7887,8080,8158,8230,8317,8454,8623,8817,8874,8967,8991,8997,8963,8949,9070,9213,9435,9352,9430,9406,9429,9498,9699,9951,9933,10036,10191,10167
Portugal,https://www.countryflags.io/PT/shiny/64.png,0,0,0,0,0,0,0,0,0,0,0,0,0,0,0,0,0,0,0,0,0,0,0,0,0,0,0,0,0,0,0,0,0,0,0,0,0,0,0,0,2,2,5,8,13,20,30,30,41,59,59,111,167,243,328,444,443,779,1009,1263,1581,2032,2307,2930,3441,4149,5027,5800,6225,7240,8021,8757,9572,10183,10908,11279,11913,12565,13342,14804,15251,15804,16122,16534,17109,17719,17846,18388,18882,19518,19700,20054,20332,20715,21235,21632,21742,21985,22062,22537,22697,22496,22550,22749,22885,23017,23352,23732,23781,23897,23986,23737,23775,23937,24065,23785
Qatar,https://www.countryflags.io/QA/shiny/64.png,0,0,0,0,0,0,0,0,0,0,0,0,0,0,0,0,0,0,0,0,0,0,0,0,0,0,0,0,0,0,0,0,0,0,0,0,0,0,1,3,3,7,8,8,8,8,15,18,24,262,262,320,333,397,435,435,448,456,460,454,461,468,485,496,506,519,544,585,641,717,762,874,979,1213,1477,1697,1901,2026,2164,2279,2475,2697,2890,3048,3298,3681,4192,4490,4922,5451,5910,6442,7004,7706,8419,9265,10168,10777,11311,12027,12648,13326,13875,14369,15206,15890,16592,17819,18869,19753,20769,22116,23382,24902,25865,27169
Romania,https://www.countryflags.io/RO/shiny/64.png,0,0,0,0,0,0,0,0,0,0,0,0,0,0,0,0,0,0,0,0,0,0,0,0,0,0,0,0,0,0,0,0,0,0,0,1,1,3,3,3,3,3,3,5,8,6,12,12,22,39,43,82,114,122,149,168,241,252,283,315,366,505,704,803,912,1151,1276,1566,1835,1943,2116,2356,2767,3138,3339,3475,3760,4013,4307,4468,4941,5132,5388,5477,5627,5958,6148,6267,6403,6441,6591,6780,7073,7033,7144,7363,7557,7549,7716,7506,7495,7414,7504,7425,7542,7455,7467,7465,7280,7350,7361,7091,7005,6141,5997,6036
Russia,https://www.countryflags.io/RU/shiny/64.png,0,0,0,0,0,0,0,0,0,2,2,2,2,2,2,2,2,2,2,2,2,0,0,0,0,0,0,0,0,0,0,0,0,0,0,0,0,0,0,0,1,1,1,2,11,11,14,14,17,17,25,42,51,55,82,106,139,189,243,293,350,421,472,626,799,987,1211,1462,1761,2199,2563,3283,3834,4355,4989,5890,6945,8029,9357,11028,12433,14349,16710,19238,22306,25402,29145,33423,39201,43270,48434,53066,57327,62439,67657,73435,79007,84235,88141,93806,100042,107819,116768,125817,134054,143065,151732,159528,164933,173467,179534,186615,192056,196410,202199,206340
Rwanda,https://www.countryflags.io/RW/shiny/64.png,0,0,0,0,0,0,0,0,0,0,0,0,0,0,0,0,0,0,0,0,0,0,0,0,0,0,0,0,0,0,0,0,0,0,0,0,0,0,0,0,0,0,0,0,0,0,0,0,0,0,0,0,1,1,5,7,8,8,17,17,19,36,40,41,50,54,60,70,70,75,82,84,89,102,100,101,98,103,103,111,102,101,85,85,82,78,78,75,71,71,66,69,67,89,95,99,114,117,127,139,140,135,135,133,132,138,138,137,140,144,135,133,123,119,110,111
Saint Kitts and Nevis,https://www.countryflags.io/KN/shiny/64.png,0,0,0,0,0,0,0,0,0,0,0,0,0,0,0,0,0,0,0,0,0,0,0,0,0,0,0,0,0,0,0,0,0,0,0,0,0,0,0,0,0,0,0,0,0,0,0,0,0,0,0,0,0,0,0,0,0,0,0,0,0,0,0,2,2,2,2,2,7,8,8,9,9,9,10,10,11,11,11,12,12,12,12,14,14,14,14,14,14,15,15,14,14,13,13,13,13,11,11,9,7,7,7,7,3,3,3,2,1,1,1,1,1,1,1,1
Saint Lucia,https://www.countryflags.io/LC/shiny/64.png,0,0,0,0,0,0,0,0,0,0,0,0,0,0,0,0,0,0,0,0,0,0,0,0,0,0,0,0,0,0,0,0,0,0,0,0,0,0,0,0,0,0,0,0,0,0,0,0,0,0,0,0,1,2,2,2,2,2,2,2,2,3,3,3,3,2,2,8,8,12,12,12,12,13,13,13,13,13,13,14,14,11,11,4,4,4,4,4,4,2,2,0,0,0,0,0,0,0,2,2,2,2,3,3,3,3,1,1,1,1,1,1,0,0,0,0
Saint Vincent and the Grenadines,https://www.countryflags.io/VC/shiny/64.png,0,0,0,0,0,0,0,0,0,0,0,0,0,0,0,0,0,0,0,0,0,0,0,0,0,0,0,0,0,0,0,0,0,0,0,0,0,0,0,0,0,0,0,0,0,0,0,0,0,0,0,0,1,1,1,1,1,1,1,1,1,1,1,1,1,1,0,0,0,0,0,1,2,6,6,6,7,7,11,11,11,11,11,11,11,11,11,11,11,11,10,10,10,9,9,9,7,7,8,8,8,8,8,8,8,8,8,8,8,8,8,5,5,5,3,3
San Marino,https://www.countryflags.io/SM/shiny/64.png,0,0,0,0,0,0,0,0,0,0,0,0,0,0,0,0,0,0,0,0,0,0,0,0,0,0,0,0,0,0,0,0,0,0,0,0,1,1,1,1,8,9,15,20,20,22,35,35,49,60,66,75,71,92,98,98,104,104,126,120,151,163,162,183,183,198,196,196,192,197,197,194,194,200,199,199,205,205,250,260,268,268,268,282,283,333,339,356,362,362,374,386,398,409,409,433,433,448,453,450,457,456,455,455,456,470,475,468,470,461,457,436,441,435,422,414
Sao Tome and Principe,https://www.countryflags.io/ST/shiny/64.png,0,0,0,0,0,0,0,0,0,0,0,0,0,0,0,0,0,0,0,0,0,0,0,0,0,0,0,0,0,0,0,0,0,0,0,0,0,0,0,0,0,0,0,0,0,0,0,0,0,0,0,0,0,0,0,0,0,0,0,0,0,0,0,0,0,0,0,0,0,0,0,0,0,0,0,4,4,4,4,4,4,4,4,4,4,4,4,4,4,4,4,4,4,4,4,4,4,4,4,10,11,11,11,16,167,167,179,199,199,199,199,199,210,224,224,224
Saudi Arabia,https://www.countryflags.io/SA/shiny/64.png,0,0,0,0,0,0,0,0,0,0,0,0,0,0,0,0,0,0,0,0,0,0,0,0,0,0,0,0,0,0,0,0,0,0,0,0,0,0,0,0,1,1,1,5,5,5,11,15,19,20,44,85,102,102,116,165,165,268,336,376,495,546,738,869,976,1066,1162,1225,1330,1388,1440,1536,1663,1730,1880,2016,2139,2260,2577,2919,3261,3642,4064,4407,4852,5307,6006,6853,7867,8891,9882,10846,11884,12926,13948,15026,16136,17141,18292,19428,20373,21518,22693,23989,24620,24946,25714,26083,26753,27345,28022,27404,26935,27535,27015,28048
Senegal,https://www.countryflags.io/SN/shiny/64.png,0,0,0,0,0,0,0,0,0,0,0,0,0,0,0,0,0,0,0,0,0,0,0,0,0,0,0,0,0,0,0,0,0,0,0,0,0,0,0,0,1,2,4,4,4,4,3,3,3,3,3,9,9,23,22,24,29,29,36,42,62,74,78,90,96,108,112,115,135,135,144,139,140,145,138,132,130,129,125,126,124,107,111,114,122,139,142,136,144,137,165,183,216,276,331,379,443,518,558,590,659,738,801,846,848,928,917,927,974,1040,1152,1234,1302,1324,1395,1455
Serbia,https://www.countryflags.io/RS/shiny/64.png,0,0,0,0,0,0,0,0,0,0,0,0,0,0,0,0,0,0,0,0,0,0,0,0,0,0,0,0,0,0,0,0,0,0,0,0,0,0,0,0,0,0,0,0,1,1,1,1,5,12,19,35,46,48,54,64,82,102,133,169,219,245,285,365,383,456,649,728,769,884,1032,1140,1437,1580,1857,2142,2386,2601,2801,3034,3306,3550,3969,4371,4774,5215,5046,5240,5443,5635,5783,5985,6070,6245,6476,6704,6904,7069,7259,7487,7487,7747,7720,7786,7754,7617,7482,7281,7085,7085,6668,6423,6249,6066,5912,5789
Seychelles,https://www.countryflags.io/SC/shiny/64.png,0,0,0,0,0,0,0,0,0,0,0,0,0,0,0,0,0,0,0,0,0,0,0,0,0,0,0,0,0,0,0,0,0,0,0,0,0,0,0,0,0,0,0,0,0,0,0,0,0,0,0,0,2,2,3,4,4,6,7,7,7,7,7,7,7,7,8,8,8,10,10,10,10,10,10,11,11,11,11,11,11,11,11,11,11,11,6,6,6,6,6,6,5,5,5,5,5,5,5,5,5,5,5,5,3,3,3,3,3,1,1,1,1,1,1,1
Sierra Leone,https://www.countryflags.io/SL/shiny/64.png,0,0,0,0,0,0,0,0,0,0,0,0,0,0,0,0,0,0,0,0,0,0,0,0,0,0,0,0,0,0,0,0,0,0,0,0,0,0,0,0,0,0,0,0,0,0,0,0,0,0,0,0,0,0,0,0,0,0,0,0,0,0,0,0,0,0,0,0,0,1,2,2,2,4,6,6,6,7,7,8,8,10,10,11,13,15,26,30,29,37,44,55,53,70,70,79,79,88,88,96,108,126,129,132,145,157,161,186,215,222,247,247,264,285,323,327
Singapore,https://www.countryflags.io/SG/shiny/64.png,0,1,3,3,4,5,7,7,10,13,16,18,18,24,28,28,30,31,38,43,38,35,43,50,54,57,53,52,50,50,48,48,38,38,38,31,31,31,30,34,30,32,32,39,52,60,72,72,82,82,82,103,107,121,134,152,199,231,261,290,309,363,400,469,509,547,602,629,648,683,752,779,827,886,983,1025,1098,1211,1444,1609,1763,1964,2323,2631,3037,3734,4331,5241,5809,7202,8275,9233,10242,11107,11679,12552,13314,13809,14439,14910,15817,16184,16779,17303,17873,18544,19207,19647,20144,20595,20576,20799,20516,20104,19622,18992
Slovakia,https://www.countryflags.io/SK/shiny/64.png,0,0,0,0,0,0,0,0,0,0,0,0,0,0,0,0,0,0,0,0,0,0,0,0,0,0,0,0,0,0,0,0,0,0,0,0,0,0,0,0,0,0,0,0,1,1,3,3,7,10,16,32,44,54,63,72,104,122,136,177,178,179,197,209,224,267,290,312,329,360,396,420,439,460,474,524,566,664,676,690,703,717,660,720,706,802,865,865,920,909,927,946,1022,988,970,967,960,941,885,849,822,775,765,745,655,642,613,524,510,490,472,455,382,338,322,314
Slovenia,https://www.countryflags.io/SI/shiny/64.png,0,0,0,0,0,0,0,0,0,0,0,0,0,0,0,0,0,0,0,0,0,0,0,0,0,0,0,0,0,0,0,0,0,0,0,0,0,0,0,0,0,0,0,2,7,7,16,16,31,57,89,141,180,218,252,274,274,285,340,382,412,439,476,513,546,613,665,709,735,777,816,810,844,876,890,889,921,931,953,978,990,1002,1005,1012,1022,1033,1064,1057,1064,1065,1070,1069,1076,1082,1088,1093,1098,1099,1099,1105,1109,1106,1102,1101,1103,1103,1103,1098,1098,1099,1102,1100,1100,1094,1092,1090
Somalia,https://www.countryflags.io/SO/shiny/64.png,0,0,0,0,0,0,0,0,0,0,0,0,0,0,0,0,0,0,0,0,0,0,0,0,0,0,0,0,0,0,0,0,0,0,0,0,0,0,0,0,0,0,0,0,0,0,0,0,0,0,0,0,0,0,1,1,1,1,1,1,1,1,1,1,2,3,3,3,3,4,4,4,6,6,6,6,7,10,10,19,19,22,56,56,73,73,108,126,154,225,274,274,304,304,364,403,444,481,534,542,542,606,646,660,722,747,778,778,839,885,916,992,1037,1096,1096,1154
South Africa,https://www.countryflags.io/ZA/shiny/64.png,0,0,0,0,0,0,0,0,0,0,0,0,0,0,0,0,0,0,0,0,0,0,0,0,0,0,0,0,0,0,0,0,0,0,0,0,0,0,0,0,0,0,0,1,1,1,3,3,7,13,17,24,38,51,62,62,116,150,202,240,274,402,550,697,915,1138,1155,1247,1292,1317,1325,1407,1401,1481,1549,1579,1641,1732,1821,1569,1593,1738,1835,1978,2062,1654,1830,2079,2201,2187,2352,2515,2405,2668,2802,2986,3230,2830,3174,3471,3453,3664,4103,4336,4678,4502,4918,5564,5251,5648,6089,6787,7110,6825,7194,7616
South Sudan,https://www.countryflags.io/SS/shiny/64.png,0,0,0,0,0,0,0,0,0,0,0,0,0,0,0,0,0,0,0,0,0,0,0,0,0,0,0,0,0,0,0,0,0,0,0,0,0,0,0,0,0,0,0,0,0,0,0,0,0,0,0,0,0,0,0,0,0,0,0,0,0,0,0,0,0,0,0,0,0,0,0,0,0,0,1,1,2,2,3,4,4,4,4,4,4,4,4,4,4,4,4,4,5,5,5,6,6,34,34,35,45,45,46,46,52,58,74,118,118,118,154,192,201,200,228,228
Spain,https://www.countryflags.io/ES/shiny/64.png,0,0,0,0,0,0,0,0,0,0,1,1,1,1,1,1,1,1,2,2,2,2,2,2,0,0,0,0,0,0,0,0,0,0,4,11,13,30,43,82,118,162,218,254,393,460,626,1013,1628,2040,2039,4906,5679,6992,9070,10187,12206,16026,17779,21874,24421,30250,33283,40501,46406,51224,54968,58598,63460,68200,72084,74974,77488,80002,80925,82897,84689,85407,85610,86524,87312,87231,87616,86981,88083,90836,96040,96886,100864,98771,100382,100757,101617,88111,87295,86072,85069,84403,79695,76842,78623,74234,73300,71240,70230,68466,66866,65410,63148,61563,63553,62130,60764,58845,57941,56689
Sri Lanka,https://www.countryflags.io/LK/shiny/64.png,0,0,0,0,0,1,1,1,1,1,1,1,1,1,1,1,1,0,0,0,0,0,0,0,0,0,0,0,0,0,0,0,0,0,0,0,0,0,0,0,0,0,0,0,0,0,0,0,0,1,1,5,9,17,27,43,50,57,70,76,79,94,100,99,99,99,103,105,105,124,122,126,131,134,138,135,137,138,134,129,137,147,154,165,168,163,160,161,168,199,201,218,254,304,335,396,455,478,506,502,521,526,527,549,549,573,583,586,578,533,517,514,524,471,449,431
Sudan,https://www.countryflags.io/SD/shiny/64.png,0,0,0,0,0,0,0,0,0,0,0,0,0,0,0,0,0,0,0,0,0,0,0,0,0,0,0,0,0,0,0,0,0,0,0,0,0,0,0,0,0,0,0,0,0,0,0,0,0,0,0,0,0,0,0,0,1,1,1,1,1,1,2,2,2,2,4,5,4,4,3,4,6,6,8,8,10,10,11,13,15,15,21,23,23,23,23,50,50,87,87,115,144,144,177,196,232,262,315,372,451,499,499,576,663,723,786,950,981,1146,1290,1408,1530,1530,1668,1970
Suriname,https://www.countryflags.io/SR/shiny/64.png,0,0,0,0,0,0,0,0,0,0,0,0,0,0,0,0,0,0,0,0,0,0,0,0,0,0,0,0,0,0,0,0,0,0,0,0,0,0,0,0,0,0,0,0,0,0,0,0,0,0,0,0,1,1,1,1,1,1,4,4,5,5,7,8,8,8,8,8,8,9,10,10,9,9,9,9,9,6,5,5,5,5,3,3,3,3,3,3,3,3,3,3,3,2,2,2,2,2,1,1,1,1,0,0,0,0,0,0,0,0,0,0,0,0,0,0
Sweden,https://www.countryflags.io/SE/shiny/64.png,0,0,0,0,0,0,0,0,0,1,1,1,1,1,1,1,1,1,1,1,1,1,1,1,1,1,1,1,1,1,1,1,1,1,1,2,7,7,12,14,15,21,35,94,101,161,203,247,354,498,597,812,958,1018,1096,1182,1268,1412,1607,1727,1897,2005,2234,2448,2747,2948,3326,3574,3866,4239,4605,5157,5568,5865,6224,6524,6897,7527,8143,8434,8883,9203,9648,10031,10343,10657,11266,11761,12295,12647,13007,13517,14184,14410,14980,15441,15647,16261,16835,17501,17862,18408,18633,15878,16288,16903,16612,17119,17730,18126,18443,18988,19478,20082,20590,21032
Switzerland,https://www.countryflags.io/CH/shiny/64.png,0,0,0,0,0,0,0,0,0,0,0,0,0,0,0,0,0,0,0,0,0,0,0,0,0,0,0,0,0,0,0,0,0,0,1,1,8,8,18,27,42,54,87,110,210,264,332,369,485,644,644,1124,1342,2182,2182,2669,2985,4019,5225,6485,7245,8544,9624,10613,11489,11167,12282,12934,13740,14349,14313,14278,14169,13424,13970,12836,12728,12585,12503,12449,11971,11609,10850,11062,9697,9551,9351,8936,8547,7915,7185,6859,6347,6088,5995,5651,5299,4965,5091,4449,4051,3855,3643,2997,2814,2555,2416,2284,2021,1872,1699,1713,1443,1491,1536,1293
Syria,https://www.countryflags.io/SY/shiny/64.png,0,0,0,0,0,0,0,0,0,0,0,0,0,0,0,0,0,0,0,0,0,0,0,0,0,0,0,0,0,0,0,0,0,0,0,0,0,0,0,0,0,0,0,0,0,0,0,0,0,0,0,0,0,0,0,0,0,0,0,0,1,1,1,5,5,5,5,8,8,8,8,14,14,12,15,15,14,13,13,13,18,18,18,22,26,26,31,31,31,31,33,33,33,33,28,26,21,19,19,19,14,14,14,14,14,15,15,15,15,15,15,15,16,16,11,12
Taiwan*,None,1,1,3,3,4,5,8,8,9,10,10,10,10,11,11,15,15,16,17,17,17,17,17,16,16,17,19,19,20,21,23,23,25,24,25,26,26,27,29,30,28,29,29,31,32,32,31,29,29,30,28,29,32,38,46,54,77,81,107,123,139,165,184,204,221,236,251,266,262,278,285,289,293,300,308,311,314,313,308,285,280,273,278,263,265,234,223,214,225,213,202,184,168,158,148,142,133,116,112,101,99,102,98,98,98,94,87,79,73,68,65,61,58,50,46,44
Tajikistan,https://www.countryflags.io/TJ/shiny/64.png,0,0,0,0,0,0,0,0,0,0,0,0,0,0,0,0,0,0,0,0,0,0,0,0,0,0,0,0,0,0,0,0,0,0,0,0,0,0,0,0,0,0,0,0,0,0,0,0,0,0,0,0,0,0,0,0,0,0,0,0,0,0,0,0,0,0,0,0,0,0,0,0,0,0,0,0,0,0,0,0,0,0,0,0,0,0,0,0,0,0,0,0,0,0,0,0,0,0,0,15,15,74,126,227,288,371,449,510,592,592,640,708,778,878,1085,1286
Tanzania,https://www.countryflags.io/TZ/shiny/64.png,0,0,0,0,0,0,0,0,0,0,0,0,0,0,0,0,0,0,0,0,0,0,0,0,0,0,0,0,0,0,0,0,0,0,0,0,0,0,0,0,0,0,0,0,0,0,0,0,0,0,0,0,0,0,1,1,3,6,6,6,12,12,12,12,13,12,13,13,18,17,18,17,16,16,18,20,18,19,19,24,24,24,39,43,73,79,131,131,152,233,233,263,263,241,241,241,241,241,297,297,297,297,297,297,297,297,297,305,305,305,305,305,305,305,305,305
Thailand,https://www.countryflags.io/TH/shiny/64.png,2,3,5,7,6,6,9,9,9,14,14,14,14,20,20,20,20,22,22,22,23,23,21,21,21,20,20,20,20,20,18,18,14,14,15,18,18,13,14,13,11,11,11,15,16,18,18,18,19,24,35,39,46,78,111,135,169,229,279,368,554,676,771,860,953,1034,1142,1284,1286,1299,1254,1355,1347,1373,1353,1401,1343,1451,1451,1427,1348,1295,1251,1167,1103,1033,964,899,790,746,655,425,359,309,309,277,270,232,228,216,187,180,176,193,187,173,165,161,161,159,163,163,117,112,115,114
Timor-Leste,None,0,0,0,0,0,0,0,0,0,0,0,0,0,0,0,0,0,0,0,0,0,0,0,0,0,0,0,0,0,0,0,0,0,0,0,0,0,0,0,0,0,0,0,0,0,0,0,0,0,0,0,0,0,0,0,0,0,0,0,0,1,1,1,1,1,1,1,1,1,1,1,1,1,1,1,1,1,1,1,1,1,1,3,5,7,17,17,17,18,21,22,22,22,22,22,22,22,18,18,8,8,8,8,4,4,4,3,3,3,3,3,3,3,3,0,0
Togo,https://www.countryflags.io/TG/shiny/64.png,0,0,0,0,0,0,0,0,0,0,0,0,0,0,0,0,0,0,0,0,0,0,0,0,0,0,0,0,0,0,0,0,0,0,0,0,0,0,0,0,0,0,0,0,1,1,1,1,1,1,1,1,1,1,1,1,1,1,8,15,15,17,19,22,22,23,23,23,28,23,24,20,20,21,21,32,39,44,46,48,48,44,45,42,43,31,30,30,27,25,24,26,23,25,28,30,30,30,38,42,48,48,48,43,45,42,41,50,56,74,81,96,112,131,156,188
Trinidad and Tobago,https://www.countryflags.io/TT/shiny/64.png,0,0,0,0,0,0,0,0,0,0,0,0,0,0,0,0,0,0,0,0,0,0,0,0,0,0,0,0,0,0,0,0,0,0,0,0,0,0,0,0,0,0,0,0,0,0,0,0,0,0,0,0,2,2,4,5,7,9,9,48,49,50,57,59,64,63,70,74,78,83,84,88,91,96,96,96,98,98,100,100,92,89,89,88,87,86,86,85,85,84,79,70,59,59,54,53,49,49,37,36,25,20,15,9,5,5,5,5,4,1,1,1,1,1,1,1
Tunisia,https://www.countryflags.io/TN/shiny/64.png,0,0,0,0,0,0,0,0,0,0,0,0,0,0,0,0,0,0,0,0,0,0,0,0,0,0,0,0,0,0,0,0,0,0,0,0,0,0,0,0,0,0,1,1,1,1,2,2,5,7,7,16,18,18,20,24,29,38,53,59,71,85,109,166,189,219,268,302,301,381,406,436,472,530,547,569,575,579,593,621,614,633,649,670,702,742,784,784,798,698,698,681,690,690,694,695,649,656,646,648,641,644,643,569,497,391,382,347,327,287,260,247,228,217,188,185
Turkey,https://www.countryflags.io/TR/shiny/64.png,0,0,0,0,0,0,0,0,0,0,0,0,0,0,0,0,0,0,0,0,0,0,0,0,0,0,0,0,0,0,0,0,0,0,0,0,0,0,0,0,0,0,0,0,0,0,0,0,0,1,1,5,5,6,18,46,97,189,355,661,1206,1492,1828,2348,3528,5564,7224,8981,10497,13074,15069,17364,20012,22647,25453,28242,31802,35568,39232,43600,48101,52312,55796,58909,62200,65461,68146,69986,72313,75410,78414,79821,80808,80575,79485,78185,75570,72852,70468,68144,65326,62780,59497,56032,52686,49958,47096,45484,43896,42180,40150,38692,37447,36712,36269,35834
US,None,1,1,2,2,5,5,5,5,5,7,8,8,11,11,11,11,11,11,8,8,9,9,10,10,10,10,10,10,10,10,10,10,10,46,45,51,52,53,60,66,85,104,131,198,241,378,490,554,923,1237,1610,2118,2657,3414,4516,6271,7514,13368,18777,24982,32512,42879,52380,64101,81429,98523,117662,134824,151995,175781,198267,226700,256414,283143,306979,332842,359167,386825,417115,445412,470784,496239,509267,529645,551520,578062,603750,627604,647527,669338,691575,715573,739243,754786,784027,803916,820554,838291,858222,852481,874503,890788,910206,924273,943496,965966,986325,1007756,1018221,1033565,1034466,1056733,1062857,1085462,1104547,1110690
Uganda,https://www.countryflags.io/UG/shiny/64.png,0,0,0,0,0,0,0,0,0,0,0,0,0,0,0,0,0,0,0,0,0,0,0,0,0,0,0,0,0,0,0,0,0,0,0,0,0,0,0,0,0,0,0,0,0,0,0,0,0,0,0,0,0,0,0,0,0,0,0,1,1,9,9,14,14,23,30,33,33,44,44,45,48,48,52,52,52,53,53,53,49,50,47,47,43,35,36,33,27,18,23,18,28,29,29,33,32,27,29,31,33,36,37,42,43,45,46,46,61,66,66,74,84,97,140,164
Ukraine,https://www.countryflags.io/UA/shiny/64.png,0,0,0,0,0,0,0,0,0,0,0,0,0,0,0,0,0,0,0,0,0,0,0,0,0,0,0,0,0,0,0,0,0,0,0,0,0,0,0,0,0,1,1,1,1,1,1,1,1,1,1,2,2,2,6,12,12,14,26,43,69,69,93,139,190,300,342,459,527,618,761,856,1023,1168,1243,1253,1389,1581,1790,2073,2359,2605,2912,3155,3513,3859,4291,4698,4961,5200,5597,5994,6479,6664,7142,7568,7925,8179,8513,8907,9176,9634,10077,10409,10506,10760,10955,11128,11425,11781,11952,12225,12270,12248,12381,12455
United Arab Emirates,https://www.countryflags.io/AE/shiny/64.png,0,0,0,0,0,0,0,4,4,4,4,5,5,5,5,5,5,7,7,8,8,7,7,7,5,5,5,5,5,5,5,9,9,9,9,9,9,14,16,16,16,22,22,24,24,38,38,38,62,57,68,68,68,75,75,75,87,109,107,113,113,158,201,279,279,351,414,509,545,597,745,920,1147,1370,1645,1898,2161,2408,2708,2926,3128,3421,3644,3972,4298,4695,5077,5077,5454,5862,6266,6640,7063,7457,7855,8295,8667,9110,9502,9947,10384,10816,11274,11627,11893,12222,12503,12782,12937,13196,13296,13446,13657,13946,14293,14482
United Kingdom,https://www.countryflags.io/GB/shiny/64.png,0,0,0,0,0,0,0,0,0,2,2,2,2,2,2,2,3,3,3,8,8,8,8,8,8,1,1,1,1,1,1,1,1,5,5,5,7,12,15,28,32,43,78,108,155,187,254,301,358,433,431,773,1097,1083,1464,1825,2459,2490,3752,4749,5392,6299,7515,8805,10783,13431,15704,17957,20236,22873,26586,30229,34014,37034,42333,45547,48141,52610,55890,63241,67636,72278,76219,80427,84174,87796,92465,96872,102209,106318,109270,112844,116694,121063,125098,129142,133083,136168,139418,144780,150210,154399,158421,162113,165816,171275,176318,180316,183862,187517,191176,193949,196689,199704,202879,205857
Uruguay,https://www.countryflags.io/UY/shiny/64.png,0,0,0,0,0,0,0,0,0,0,0,0,0,0,0,0,0,0,0,0,0,0,0,0,0,0,0,0,0,0,0,0,0,0,0,0,0,0,0,0,0,0,0,0,0,0,0,0,0,0,0,4,6,8,29,50,79,94,110,135,158,162,189,217,238,274,302,308,319,296,286,297,296,302,296,286,267,257,260,273,270,242,227,224,212,207,205,210,220,212,207,200,191,182,212,216,219,216,203,209,196,195,196,193,185,170,175,170,171,171,169,166,155,158,160,156
Uzbekistan,https://www.countryflags.io/UZ/shiny/64.png,0,0,0,0,0,0,0,0,0,0,0,0,0,0,0,0,0,0,0,0,0,0,0,0,0,0,0,0,0,0,0,0,0,0,0,0,0,0,0,0,0,0,0,0,0,0,0,0,0,0,0,0,0,1,6,10,15,23,33,43,43,46,50,60,75,82,97,135,140,163,167,178,200,239,310,425,488,512,541,579,721,795,909,1062,1191,1216,1245,1291,1335,1361,1315,1259,1190,1175,1147,1072,1004,939,897,897,865,838,820,774,696,646,632,540,493,527,488,499,525,498,517,514
Venezuela,https://www.countryflags.io/VE/shiny/64.png,0,0,0,0,0,0,0,0,0,0,0,0,0,0,0,0,0,0,0,0,0,0,0,0,0,0,0,0,0,0,0,0,0,0,0,0,0,0,0,0,0,0,0,0,0,0,0,0,0,0,0,0,2,10,17,33,36,42,42,70,55,62,69,76,92,75,78,78,93,93,99,98,94,96,100,93,93,93,78,78,73,79,70,70,77,84,84,105,130,130,158,156,175,176,181,178,177,177,179,175,177,187,189,189,193,193,186,188,202,211,207,193,193,225,220,253
Vietnam,https://www.countryflags.io/VN/shiny/64.png,0,2,2,2,2,2,2,2,2,2,5,5,7,7,7,9,9,12,12,13,9,9,9,9,9,9,9,9,9,9,2,2,2,2,0,0,0,0,0,0,0,0,0,0,0,2,14,14,15,22,23,31,37,40,45,50,59,69,75,77,96,106,117,124,133,143,153,163,148,154,155,158,152,150,151,150,126,125,127,113,114,118,119,97,96,91,70,67,66,54,52,45,44,50,45,45,45,48,48,51,51,51,52,52,39,39,55,47,47,47,39,36,36,52,54,58
West Bank and Gaza,None,0,0,0,0,0,0,0,0,0,0,0,0,0,0,0,0,0,0,0,0,0,0,0,0,0,0,0,0,0,0,0,0,0,0,0,0,0,0,0,0,0,0,0,4,7,16,16,19,26,30,30,31,35,38,38,39,41,44,30,31,35,42,42,42,66,73,79,90,97,100,115,142,172,195,211,229,218,218,218,220,209,211,213,220,226,229,236,242,246,256,256,262,260,257,257,257,257,270,271,266,275,275,274,258,242,198,197,145,145,110,72,65,63,63,58,45
Western Sahara,https://www.countryflags.io/EH/shiny/64.png,0,0,0,0,0,0,0,0,0,0,0,0,0,0,0,0,0,0,0,0,0,0,0,0,0,0,0,0,0,0,0,0,0,0,0,0,0,0,0,0,0,0,0,0,0,0,0,0,0,0,0,0,0,0,0,0,0,0,0,0,0,0,0,0,0,0,0,0,0,0,0,0,0,0,4,4,4,4,4,4,4,6,6,6,6,6,6,6,6,6,6,6,1,1,1,1,1,1,1,1,1,1,1,1,1,1,1,1,1,1,0,0,0,0,0,0
Yemen,https://www.countryflags.io/YE/shiny/64.png,0,0,0,0,0,0,0,0,0,0,0,0,0,0,0,0,0,0,0,0,0,0,0,0,0,0,0,0,0,0,0,0,0,0,0,0,0,0,0,0,0,0,0,0,0,0,0,0,0,0,0,0,0,0,0,0,0,0,0,0,0,0,0,0,0,0,0,0,0,0,0,0,0,0,0,0,0,0,0,1,1,1,1,1,1,1,1,1,1,1,1,1,1,0,0,0,0,0,5,3,4,7,7,9,17,19,19,26,26,42,46,54,57,72,90,103
Zambia,https://www.countryflags.io/ZM/shiny/64.png,0,0,0,0,0,0,0,0,0,0,0,0,0,0,0,0,0,0,0,0,0,0,0,0,0,0,0,0,0,0,0,0,0,0,0,0,0,0,0,0,0,0,0,0,0,0,0,0,0,0,0,0,0,0,0,0,2,2,2,2,3,3,3,12,16,22,28,29,35,35,36,38,36,36,35,33,31,31,14,13,10,11,13,13,16,16,20,22,25,27,32,36,36,44,44,43,43,50,40,48,32,41,43,56,43,41,46,52,133,143,143,317,315,523,523,489
Zimbabwe,https://www.countryflags.io/ZW/shiny/64.png,0,0,0,0,0,0,0,0,0,0,0,0,0,0,0,0,0,0,0,0,0,0,0,0,0,0,0,0,0,0,0,0,0,0,0,0,0,0,0,0,0,0,0,0,0,0,0,0,0,0,0,0,0,0,0,0,0,0,1,3,3,2,2,2,2,4,6,6,6,7,7,8,8,8,8,9,9,8,8,10,11,11,14,14,19,19,19,20,20,20,23,22,22,23,25,25,23,23,23,31,31,25,25,25,25,25,25,21,22,23,23,23,21,20,25,25
